exp,config,n_tasks,n_servers,w1,algorithm,seed,budget,fitness,total_delay,tcr,nfe,runtime_s,peak_mem_MB,local_tasks,server_counts
E3,300T-5S,300,5,0.5,Random,4,15000,1.4715553957954388,986.0487690870239,0.21333333333333335,15000,2.0917515754699707,nan,70,42;45;50;43;50
E3,300T-5S,300,5,0.5,Random,10,15000,1.4315418854405202,968.6506872699615,0.24333333333333335,15000,2.0806448459625244,nan,71,41;53;45;46;44
E3,300T-5S,300,5,0.5,Random,5,15000,1.4571312099818088,977.1026801165344,0.18,15000,2.137134075164795,nan,73,41;41;49;40;56
E3,300T-5S,300,5,0.5,Random,11,15000,1.3739738422965113,928.6720754716064,0.21666666666666667,15000,2.166214942932129,nan,64,49;37;47;44;59
E3,300T-5S,300,5,0.5,Random,3,15000,1.460884294404286,1078.4060206112567,0.19,15000,2.268244743347168,nan,67,55;42;37;49;50
E3,300T-5S,300,5,0.5,Random,14,15000,1.3750236900122528,949.948936218469,0.19,15000,2.1763665676116943,nan,77,49;41;34;49;50
E3,300T-5S,300,5,0.5,Random,2,15000,1.4761964193705222,980.5686024290122,0.20333333333333334,15000,2.2894253730773926,nan,73,44;42;47;40;54
E3,300T-5S,300,5,0.5,Random,1,15000,1.4331868518953734,970.2654483927851,0.18,15000,2.296433210372925,nan,59,54;48;50;40;49
E3,300T-5S,300,5,0.5,Random,15,15000,1.3789620489057008,925.9233800408126,0.20333333333333334,15000,2.2167775630950928,nan,64,43;45;46;50;52
E3,300T-5S,300,5,0.5,Random,8,15000,1.4625490533226915,1018.1693830121098,0.21333333333333335,15000,2.304082155227661,nan,67,40;49;44;52;48
E3,300T-5S,300,5,0.5,Random,13,15000,1.507138689734557,1036.166621466541,0.17,15000,2.2656636238098145,nan,66,50;50;54;37;43
E3,300T-5S,300,5,0.5,Random,9,15000,1.4622298345404374,975.4356014345879,0.21333333333333335,15000,2.313210964202881,nan,70,44;41;51;45;49
E3,300T-5S,300,5,0.5,Random,6,15000,1.35486990268818,911.3067541002179,0.19,15000,2.359565496444702,nan,72,42;42;51;50;43
E3,300T-5S,300,5,0.5,Random,18,15000,1.383667011184615,945.6182024449773,0.17666666666666667,15000,2.2330164909362793,nan,75,46;42;49;40;48
E3,300T-5S,300,5,0.5,Random,12,15000,1.4338517908067585,1003.0039276997722,0.22,15000,2.293545961380005,nan,68,50;57;43;43;39
E3,300T-5S,300,5,0.5,Random,17,15000,1.4268975745079169,943.9734308418892,0.17666666666666667,15000,2.269077777862549,nan,65,55;44;41;48;47
E3,300T-5S,300,5,0.5,Random,16,15000,1.6089027399390767,1064.8356799080525,0.21333333333333335,15000,2.2812483310699463,nan,66,62;43;35;40;54
E3,300T-5S,300,5,0.5,Random,7,15000,1.5074208351277494,972.3800023840382,0.19333333333333333,15000,2.3911330699920654,nan,73,48;49;44;45;41
E3,300T-5S,300,5,0.5,Random,19,15000,1.4177089205504514,993.1440532514524,0.19,15000,2.1488916873931885,nan,76,45;51;44;38;46
E3,300T-5S,300,5,0.5,Random,21,15000,1.4810575430472552,990.2474066144873,0.21,15000,2.176516532897949,nan,69,48;43;49;41;50
E3,300T-5S,300,5,0.5,Random,20,15000,1.3487546853395946,956.1637113937319,0.22,15000,2.3124918937683105,nan,73,47;40;37;52;51
E3,300T-5S,300,5,0.5,Random,30,15000,1.444863668799203,1012.8309154510576,0.15333333333333332,15000,2.0970544815063477,nan,64,46;45;57;48;40
E3,300T-5S,300,5,0.5,Random,23,15000,1.3924156590082262,967.1631840494915,0.23333333333333334,15000,2.2262256145477295,nan,76,42;43;51;46;42
E3,300T-5S,300,5,0.5,Random,26,15000,1.4434333746574,981.3464131570419,0.18333333333333332,15000,2.2307794094085693,nan,78,40;47;47;51;37
E3,300T-5S,300,5,0.5,Random,22,15000,1.4772067945997795,941.3959150495812,0.18333333333333332,15000,2.3153886795043945,nan,70,55;39;45;47;44
E3,300T-5S,300,5,0.5,Random,28,15000,11.453215340363606,1007.6132527309827,0.16333333333333333,15000,2.2386343479156494,nan,65,41;58;44;38;54
E3,300T-5S,300,5,0.5,Random,29,15000,1.4588485996860698,980.9331836727354,0.22,15000,2.245532989501953,nan,73,39;49;38;43;58
E3,300T-5S,300,5,0.5,Random,25,15000,1.4569621530742716,1023.0776715358396,0.21,15000,2.333533525466919,nan,73,44;53;46;39;45
E3,300T-5S,300,5,0.5,Random,27,15000,1.355786673763019,993.022126703567,0.2,15000,2.2914881706237793,nan,70,48;43;46;49;44
E3,300T-5S,300,5,0.5,Random,24,15000,1.3817946817907258,893.2934949395217,0.21,15000,2.3647143840789795,nan,76,40;56;41;53;34
E3,300T-5S,300,5,0.5,GA,2,15000,0.864417144851404,522.5667566082423,0.42,15000,7.5757787227630615,nan,157,25;29;25;25;39
E3,300T-5S,300,5,0.5,GA,3,15000,0.8725921099452743,577.9964798065922,0.38666666666666666,15000,7.668560028076172,nan,151,32;31;27;31;28
E3,300T-5S,300,5,0.5,GA,1,15000,0.7851435898240393,493.24065538408655,0.47,15000,7.883943796157837,nan,160,29;31;28;30;22
E3,300T-5S,300,5,0.5,GA,4,15000,0.8553055643952711,527.6489677245986,0.44333333333333336,15000,7.864142179489136,nan,156,29;29;27;33;26
E3,300T-5S,300,5,0.5,GA,6,15000,0.8048285966402352,495.5264090169463,0.42333333333333334,15000,7.854362964630127,nan,167,32;25;28;22;26
E3,300T-5S,300,5,0.5,GA,5,15000,0.9033032256023394,552.0699429835662,0.37666666666666665,15000,8.029903411865234,nan,166,23;32;25;29;25
E3,300T-5S,300,5,0.5,GA,8,15000,0.8518349529924619,536.599009618349,0.42333333333333334,15000,7.2525856494903564,nan,157,24;27;31;34;27
E3,300T-5S,300,5,0.5,GA,11,15000,0.8441714430471736,519.1860514277005,0.41,15000,7.436708450317383,nan,152,28;29;29;29;33
E3,300T-5S,300,5,0.5,GA,10,15000,0.8517356773162645,528.8990402507657,0.44666666666666666,15000,7.4833691120147705,nan,157,30;32;26;25;30
E3,300T-5S,300,5,0.5,GA,15,15000,0.8091247137156892,501.180662176816,0.44333333333333336,15000,7.48519229888916,nan,166,33;26;24;27;24
E3,300T-5S,300,5,0.5,GA,12,15000,0.8546202908916576,532.9169668008019,0.4,15000,7.630908012390137,nan,158,30;27;31;30;24
E3,300T-5S,300,5,0.5,GA,7,15000,0.9034726317817998,534.4195861707798,0.4066666666666667,15000,7.947673320770264,nan,165,24;26;31;26;28
E3,300T-5S,300,5,0.5,GA,13,15000,0.8779055244856697,545.1253871792087,0.3933333333333333,15000,7.814844131469727,nan,167,23;27;23;26;34
E3,300T-5S,300,5,0.5,GA,16,15000,0.8503343337557439,495.2314251977646,0.43,15000,7.766849994659424,nan,172,21;24;30;27;26
E3,300T-5S,300,5,0.5,GA,9,15000,0.9037190669698627,547.8899206060962,0.3933333333333333,15000,7.948880910873413,nan,159,28;25;30;23;35
E3,300T-5S,300,5,0.5,GA,17,15000,0.8133855281148403,506.7958297190205,0.4633333333333333,15000,7.881137847900391,nan,165,31;25;32;25;22
E3,300T-5S,300,5,0.5,GA,18,15000,0.8479451031844473,536.3155755311518,0.4066666666666667,15000,7.911962270736694,nan,163,24;29;28;26;30
E3,300T-5S,300,5,0.5,GA,14,15000,0.87963683968764,564.376837841282,0.3933333333333333,15000,8.082016229629517,nan,161,27;24;30;29;29
E3,300T-5S,300,5,0.5,PSO,2,15000,0.8947827321636168,562.3211466603209,0.44666666666666666,15000,2.9336183071136475,nan,200,8;11;11;10;60
E3,300T-5S,300,5,0.5,PSO,4,15000,0.9119872177778272,596.251195307826,0.48,15000,2.8499910831451416,nan,196,6;12;12;12;62
E3,300T-5S,300,5,0.5,PSO,1,15000,0.7364933132255835,475.5550108188449,0.53,15000,3.018848419189453,nan,217,7;9;10;13;44
E3,300T-5S,300,5,0.5,PSO,3,15000,0.9905582741501301,712.0965600888749,0.41333333333333333,15000,3.0496487617492676,nan,200,7;9;9;8;67
E3,300T-5S,300,5,0.5,PSO,5,15000,1.0285367198076494,676.7042809906806,0.3933333333333333,15000,2.9395973682403564,nan,201,6;7;10;9;67
E3,300T-5S,300,5,0.5,PSO,6,15000,0.7879484094584532,511.31158462012445,0.49,15000,2.8808610439300537,nan,207,12;12;10;16;43
E3,300T-5S,300,5,0.5,GA,19,15000,0.9005329428094364,570.951897651132,0.36333333333333334,15000,7.786650896072388,nan,152,35;28;26;28;31
E3,300T-5S,300,5,0.5,GA,24,15000,0.8669185516386755,522.2541211445783,0.42,15000,7.540531158447266,nan,152,30;27;30;33;28
E3,300T-5S,300,5,0.5,GA,20,15000,0.8231212841709906,541.6535332246345,0.44,15000,7.9519805908203125,nan,150,33;32;31;26;28
E3,300T-5S,300,5,0.5,GA,21,15000,0.9041137442447066,556.8984091017007,0.41333333333333333,15000,7.830746650695801,nan,146,29;34;29;30;32
E3,300T-5S,300,5,0.5,GA,22,15000,0.8650474401544845,515.272658766437,0.44,15000,7.8889687061309814,nan,162,29;25;31;28;25
E3,300T-5S,300,5,0.5,GA,23,15000,0.84176821826543,541.6261904994008,0.44666666666666666,15000,8.01938533782959,nan,153,31;29;28;29;30
E3,300T-5S,300,5,0.5,PSO,9,15000,0.888433111799781,567.4011709041546,0.4666666666666667,15000,2.9240291118621826,nan,216,9;6;6;7;56
E3,300T-5S,300,5,0.5,PSO,8,15000,0.88938031953923,604.0938292103594,0.49,15000,3.036766290664673,nan,210,8;8;9;6;59
E3,300T-5S,300,5,0.5,PSO,7,15000,0.7639866980854723,452.67280527805286,0.5,15000,3.0847771167755127,nan,232,7;8;7;6;40
E3,300T-5S,300,5,0.5,PSO,10,15000,0.9702898983407886,651.7307317750895,0.4766666666666667,15000,3.0420830249786377,nan,210,6;7;5;5;67
E3,300T-5S,300,5,0.5,PSO,11,15000,0.952687874224176,640.6853378365828,0.45,15000,3.106571674346924,nan,199,4;11;9;13;64
E3,300T-5S,300,5,0.5,PSO,12,15000,0.7170131568378555,464.75253191760623,0.5333333333333333,15000,3.0786898136138916,nan,221,11;10;12;9;37
E3,300T-5S,300,5,0.5,GA,28,15000,0.8264329229135856,510.9388614241811,0.39666666666666667,15000,7.436998605728149,nan,161,33;31;27;26;22
E3,300T-5S,300,5,0.5,GA,25,15000,0.859643110294977,540.7570297696448,0.4033333333333333,15000,8.048099517822266,nan,152,32;28;35;27;26
E3,300T-5S,300,5,0.5,GA,27,15000,0.8510794501395595,577.7431443144912,0.41,15000,8.048341751098633,nan,158,27;28;28;28;31
E3,300T-5S,300,5,0.5,GA,26,15000,0.890796698937914,556.9558918766659,0.3933333333333333,15000,8.085318088531494,nan,156,23;31;31;31;28
E3,300T-5S,300,5,0.5,GA,29,15000,0.8727051237978687,527.1283034825208,0.4033333333333333,15000,8.065094947814941,nan,158,29;25;32;34;22
E3,300T-5S,300,5,0.5,GA,30,15000,0.853892320864331,559.0901765011009,0.42,15000,8.064366102218628,nan,157,23;32;28;28;32
E3,300T-5S,300,5,0.5,PSO,13,15000,0.9698264584238101,656.054127490424,0.44333333333333336,15000,3.1510682106018066,nan,211,9;9;3;8;60
E3,300T-5S,300,5,0.5,PSO,14,15000,0.9143071395587041,622.8122538728621,0.44333333333333336,15000,3.1274607181549072,nan,205,6;9;10;11;59
E3,300T-5S,300,5,0.5,PSO,15,15000,0.8668784750527687,582.4653037637161,0.5,15000,3.1974523067474365,nan,212,8;9;7;10;54
E3,300T-5S,300,5,0.5,PSO,17,15000,0.8003619523825694,513.2825896276801,0.5033333333333333,15000,3.122027635574341,nan,223,4;9;8;10;46
E3,300T-5S,300,5,0.5,PSO,16,15000,0.8383346571483472,512.459658005947,0.49333333333333335,15000,3.18491792678833,nan,208,6;11;13;14;48
E3,300T-5S,300,5,0.5,PSO,18,15000,0.835187347039309,562.8184073561526,0.4866666666666667,15000,3.0777857303619385,nan,208,8;10;12;14;48
E3,300T-5S,300,5,0.5,PSO,19,15000,0.9103534804117592,616.5409998454109,0.43666666666666665,15000,3.1193530559539795,nan,216,8;7;6;10;53
E3,300T-5S,300,5,0.5,PSO,21,15000,0.8050035296326354,504.52243257648934,0.49666666666666665,15000,3.037222146987915,nan,209,10;15;13;14;39
E3,300T-5S,300,5,0.5,PSO,20,15000,0.9119052931111101,645.1570724395232,0.47,15000,3.20066499710083,nan,211,5;7;8;7;62
E3,300T-5S,300,5,0.5,PSO,22,15000,0.9277864237063769,571.9970683612128,0.44333333333333336,15000,3.1797142028808594,nan,200,9;12;8;11;60
E3,300T-5S,300,5,0.5,PSO,23,15000,0.8194329085794503,552.1673359524361,0.5133333333333333,15000,3.177262306213379,nan,207,10;12;9;9;53
E3,300T-5S,300,5,0.5,PSO,24,15000,0.8917923588597315,580.9809779587702,0.5,15000,3.169487714767456,nan,213,6;9;9;7;56
E3,300T-5S,300,5,0.5,PSO,25,15000,0.7998677647632412,526.5226937728435,0.49333333333333335,15000,3.163022756576538,nan,217,10;9;9;6;49
E3,300T-5S,300,5,0.5,PSO,26,15000,0.9888133158701332,657.782998500126,0.41,15000,3.1245601177215576,nan,205,5;5;8;10;67
E3,300T-5S,300,5,0.5,PSO,28,15000,0.9674165972330107,667.6806760616407,0.43666666666666665,15000,3.110218048095703,nan,197,9;9;10;8;67
E3,300T-5S,300,5,0.5,PSO,27,15000,0.9171409271280911,661.9626071742991,0.44,15000,3.2062652111053467,nan,197,8;9;10;12;64
E3,300T-5S,300,5,0.5,PSO,29,15000,0.9048253981958599,568.8432406161761,0.43,15000,3.1404402256011963,nan,215,5;9;9;8;54
E3,300T-5S,300,5,0.5,PSO,30,15000,0.7567606712331685,487.5728047770323,0.47,15000,3.1730456352233887,nan,234,9;7;11;5;34
E3,300T-5S,300,5,0.5,CSA,1,15000,1.3350972747368814,897.7952936224472,0.22333333333333333,15000,2.7586684226989746,nan,79,41;44;44;40;52
E3,300T-5S,300,5,0.5,CSA,3,15000,1.1950166312297505,856.2317423938317,0.2866666666666667,15000,2.623361825942993,nan,128,26;16;24;42;64
E3,300T-5S,300,5,0.5,CSA,2,15000,1.2522398416012743,816.2495115750113,0.29,15000,2.863961696624756,nan,123,17;23;37;36;64
E3,300T-5S,300,5,0.5,CSA,6,15000,1.2568641855604494,846.0619567226612,0.25,15000,2.714183807373047,nan,88,41;37;34;49;51
E3,300T-5S,300,5,0.5,CSA,5,15000,1.2450840892862485,830.5583301120278,0.29,15000,2.822553873062134,nan,118,26;24;30;36;66
E3,300T-5S,300,5,0.5,CSA,4,15000,1.324277992724582,890.9905008630021,0.3,15000,2.8897831439971924,nan,99,26;38;34;32;71
E3,300T-5S,300,5,0.5,CSA,7,15000,1.381366597458007,873.1056667455775,0.22,15000,2.774089813232422,nan,91,39;33;44;47;46
E3,300T-5S,300,5,0.5,CSA,8,15000,1.2433854277127296,850.7335542497758,0.3,15000,2.820434331893921,nan,115,24;26;37;35;63
E3,300T-5S,300,5,0.5,CSA,9,15000,1.2199480141209402,796.9244126196463,0.30666666666666664,15000,2.7935004234313965,nan,119,22;29;34;36;60
E3,300T-5S,300,5,0.5,CSA,10,15000,1.2281038806103912,812.2030334567278,0.31,15000,2.731360673904419,nan,118,27;29;33;34;59
E3,300T-5S,300,5,0.5,CSA,11,15000,1.1413077256613617,760.706732888465,0.32666666666666666,15000,2.742964744567871,nan,130,20;23;34;31;62
E3,300T-5S,300,5,0.5,CSA,12,15000,1.3786817627220975,933.9783364969597,0.18666666666666668,15000,2.7906322479248047,nan,74,37;56;43;46;44
E3,300T-5S,300,5,0.5,CSA,13,15000,1.3162658686839628,900.9322773289273,0.26666666666666666,15000,2.657918930053711,nan,112,20;28;30;36;74
E3,300T-5S,300,5,0.5,CSA,14,15000,1.2336931377741651,840.9223827887788,0.25,15000,2.763528823852539,nan,101,30;35;33;39;62
E3,300T-5S,300,5,0.5,CSA,16,15000,1.2830541777742854,811.5130817606649,0.2866666666666667,15000,2.6608622074127197,nan,97,32;36;39;41;55
E3,300T-5S,300,5,0.5,CSA,15,15000,1.2024333777212566,795.4374047710626,0.28,15000,2.7538743019104004,nan,118,29;30;24;33;66
E3,300T-5S,300,5,0.5,CSA,17,15000,1.268313536131606,853.8585385801209,0.3,15000,2.5597853660583496,nan,100,20;37;39;45;59
E3,300T-5S,300,5,0.5,CSA,18,15000,1.2089774099100974,816.2057912073915,0.26,15000,2.7296760082244873,nan,102,30;34;35;42;57
E3,300T-5S,300,5,0.5,CSA,19,15000,1.2381408791027204,861.1757774621299,0.28,15000,2.6782002449035645,nan,106,31;31;28;37;67
E3,300T-5S,300,5,0.5,CSA,20,15000,1.1952044117864848,841.2581376734327,0.2966666666666667,15000,2.6547091007232666,nan,105,24;31;33;42;65
E3,300T-5S,300,5,0.5,CSA,22,15000,1.2107661621706285,768.3834719307781,0.3233333333333333,15000,2.4900248050689697,nan,110,20;36;31;37;66
E3,300T-5S,300,5,0.5,CSA,21,15000,1.4382078380836516,954.2171016125112,0.21666666666666667,15000,2.8038532733917236,nan,79,39;42;45;46;49
E3,300T-5S,300,5,0.5,CSA,23,15000,1.1753677980921826,795.8727876814924,0.31,15000,2.804337501525879,nan,102,34;31;37;37;59
E3,300T-5S,300,5,0.5,CSA,24,15000,1.177642489016844,752.2388499402729,0.30666666666666664,15000,2.7836010456085205,nan,115,24;36;32;35;58
E3,300T-5S,300,5,0.5,CSA,25,15000,1.2584356794186935,875.1726763041762,0.3,15000,2.7575643062591553,nan,109,27;29;37;37;61
E3,300T-5S,300,5,0.5,CSA,26,15000,1.2424464463749056,835.0401343741432,0.27666666666666667,15000,2.768533706665039,nan,115,29;25;26;39;66
E3,300T-5S,300,5,0.5,CSA,28,15000,1.23084196436739,830.045347065674,0.24333333333333335,15000,2.734734058380127,nan,92,31;35;41;40;61
E3,300T-5S,300,5,0.5,CSA,27,15000,1.1940105521320064,864.7702651464627,0.27666666666666667,15000,2.7708466053009033,nan,106,26;31;38;35;64
E3,300T-5S,300,5,0.5,CSA,29,15000,1.274718021997313,845.5985406201858,0.29333333333333333,15000,2.7345855236053467,nan,107,27;30;34;37;65
E3,300T-5S,300,5,0.5,CSA,30,15000,1.2885691675823716,887.6119465737975,0.21333333333333335,15000,2.678173780441284,nan,98,42;37;39;41;43
E3,300T-5S,300,5,0.5,GA-PSO,1,15000,0.661075211812213,411.94000984328585,0.5466666666666666,15050,3.1061646938323975,nan,188,24;24;21;21;22
E3,300T-5S,300,5,0.5,GA-PSO,2,15000,0.7086436606448445,423.3085846043087,0.5133333333333333,15050,3.1650967597961426,nan,200,16;24;25;16;19
E3,300T-5S,300,5,0.5,GA-PSO,3,15000,0.717111066617686,458.3500408661389,0.4633333333333333,15050,2.9880502223968506,nan,198,17;20;23;22;20
E3,300T-5S,300,5,0.5,GA-PSO,4,15000,0.7100405269094014,439.00360338577053,0.54,15050,3.2400524616241455,nan,195,12;22;24;23;24
E3,300T-5S,300,5,0.5,GA-PSO,5,15000,0.7242163256549088,434.7263419128061,0.48333333333333334,15050,3.217440605163574,nan,210,14;19;20;16;21
E3,300T-5S,300,5,0.5,GA-PSO,6,15000,0.7286111811478686,455.98235249041863,0.49333333333333335,15050,3.1741292476654053,nan,191,19;22;22;20;26
E3,300T-5S,300,5,0.5,GA-PSO,7,15000,0.7285498078738188,430.27030246514107,0.52,15050,3.0719821453094482,nan,203,17;18;16;21;25
E3,300T-5S,300,5,0.5,GA-PSO,8,15000,0.6729368476201916,429.72570747256384,0.5566666666666666,15050,3.045733690261841,nan,205,17;21;17;19;21
E3,300T-5S,300,5,0.5,GA-PSO,9,15000,0.7311497936832183,442.1214681240075,0.5066666666666667,15050,3.176457166671753,nan,200,15;20;19;22;24
E3,300T-5S,300,5,0.5,GA-PSO,13,15000,0.7036328141862288,438.29039920158823,0.5166666666666667,15050,3.009146213531494,nan,201,18;21;19;20;21
E3,300T-5S,300,5,0.5,GA-PSO,10,15000,0.6838491496384602,422.0100029203884,0.55,15050,3.2851667404174805,nan,203,16;23;23;19;16
E3,300T-5S,300,5,0.5,GA-PSO,11,15000,0.7054773392956826,440.06174187982714,0.52,15050,3.1750481128692627,nan,191,16;25;21;25;22
E3,300T-5S,300,5,0.5,GA-PSO,12,15000,0.7618534836995243,480.6135760708563,0.4766666666666667,15050,3.137416124343872,nan,183,19;19;22;22;35
E3,300T-5S,300,5,0.5,GA-PSO,14,15000,0.7335210428347048,452.2962457990387,0.45666666666666667,15050,3.203306198120117,nan,204,14;18;21;22;21
E3,300T-5S,300,5,0.5,GA-PSO,15,15000,0.7067606624500155,442.2956507306161,0.5233333333333333,15050,3.090386390686035,nan,188,24;23;22;22;21
E3,300T-5S,300,5,0.5,GA-PSO,16,15000,0.6907015283380638,409.4133391238558,0.5533333333333333,15050,3.2157235145568848,nan,198,17;20;21;21;23
E3,300T-5S,300,5,0.5,GA-PSO,18,15000,0.7123022259710053,446.51150761622296,0.49333333333333335,15050,3.145146369934082,nan,195,13;21;24;23;24
E3,300T-5S,300,5,0.5,GA-PSO,17,15000,0.6931096753030799,430.60472812189056,0.54,15050,3.260836362838745,nan,194,19;22;21;20;24
E3,300T-5S,300,5,0.5,GA-PSO,19,15000,0.6949771380584904,439.6494092607967,0.5066666666666667,15050,3.1871464252471924,nan,210,20;18;15;19;18
E3,300T-5S,300,5,0.5,GA-PSO,20,15000,0.6836653842637408,442.4664066014816,0.52,15050,3.158151149749756,nan,192,17;18;21;26;26
E3,300T-5S,300,5,0.5,GA-PSO,21,15000,0.7292074442957437,439.97185664051005,0.5066666666666667,15050,3.243006944656372,nan,201,16;21;22;17;23
E3,300T-5S,300,5,0.5,GA-PSO,22,15000,0.7098775430115097,416.77411039866746,0.5266666666666666,15050,3.10186505317688,nan,194,19;20;22;18;27
E3,300T-5S,300,5,0.5,GA-PSO,24,15000,0.7424338477592125,445.7745476425586,0.5,15050,2.9946982860565186,nan,176,20;30;26;28;20
E3,300T-5S,300,5,0.5,CEO,1,15000,0.6490344048705481,403.6829053180412,0.5533333333333333,15120,2.259023904800415,nan,203,18;19;23;20;17
E3,300T-5S,300,5,0.5,GA-PSO,23,15000,0.6880205045573162,435.7986272064831,0.5333333333333333,15050,3.220216989517212,nan,189,19;23;21;23;25
E3,300T-5S,300,5,0.5,GA-PSO,25,15000,0.71531547389256,449.88326526429637,0.5033333333333333,15050,3.1087303161621094,nan,191,20;23;17;22;27
E3,300T-5S,300,5,0.5,GA-PSO,26,15000,0.6850865191779523,417.2324508089166,0.51,15050,3.0787413120269775,nan,206,18;20;18;14;24
E3,300T-5S,300,5,0.5,CEO,3,15000,0.7037104502981244,449.7702416742478,0.47333333333333333,15120,2.406731128692627,nan,200,13;22;22;23;20
E3,300T-5S,300,5,0.5,CEO,2,15000,0.7049011734677796,419.90391710213544,0.5133333333333333,15120,2.5017731189727783,nan,210,15;16;16;25;18
E3,300T-5S,300,5,0.5,GA-PSO,27,15000,0.691406417765073,465.52907613708214,0.5133333333333333,15050,3.1342356204986572,nan,198,21;19;22;21;19
E3,300T-5S,300,5,0.5,CEO,6,15000,0.6746357372878158,413.7922389908683,0.5133333333333333,15120,2.4015846252441406,nan,212,16;18;15;18;21
E3,300T-5S,300,5,0.5,CEO,4,15000,0.6872221637688322,413.56333121202414,0.53,15120,2.561840295791626,nan,212,14;22;16;17;19
E3,300T-5S,300,5,0.5,CEO,5,15000,0.7140530123891164,428.35312752139873,0.49,15120,2.5328869819641113,nan,209,18;20;21;13;19
E3,300T-5S,300,5,0.5,GA-PSO,29,15000,0.6970164861064774,416.36660192954764,0.5133333333333333,15050,3.0702195167541504,nan,210,16;17;17;19;21
E3,300T-5S,300,5,0.5,GA-PSO,28,15000,0.7039994649235877,440.41399799429644,0.49666666666666665,15050,3.2123067378997803,nan,183,20;23;23;27;24
E3,300T-5S,300,5,0.5,GA-PSO,30,15000,0.7523697667327827,478.26187384153377,0.46,15050,3.1894569396972656,nan,186,18;21;22;25;28
E3,300T-5S,300,5,0.5,CEO,7,15000,0.703647479823659,412.7421393753412,0.53,15120,2.606393337249756,nan,208,17;16;22;18;19
E3,300T-5S,300,5,0.5,CEO,8,15000,0.6869606622857786,433.5574177802429,0.5366666666666666,15120,2.5811607837677,nan,201,17;24;22;19;17
E3,300T-5S,300,5,0.5,CEO,9,15000,0.733284820196991,437.98606012797484,0.49333333333333335,15120,2.6261653900146484,nan,195,21;21;15;25;23
E3,300T-5S,300,5,0.5,CEO,10,15000,0.6748792991742745,418.3588757311921,0.56,15120,2.61679744720459,nan,209,20;18;19;19;15
E3,300T-5S,300,5,0.5,CEO,11,15000,0.6622119731738263,408.6127029598995,0.54,15120,2.5307815074920654,nan,202,20;19;20;19;20
E3,300T-5S,300,5,0.5,CEO,12,15000,0.6887039658960106,429.54389780640435,0.5166666666666667,15120,2.5295677185058594,nan,203,20;17;20;21;19
E3,300T-5S,300,5,0.5,CEO,14,15000,0.7080218455642409,437.1178062300716,0.4766666666666667,15120,2.396817207336426,nan,204,18;23;17;21;17
E3,300T-5S,300,5,0.5,CEO,13,15000,0.7128771847102131,440.7359958296385,0.5033333333333333,15120,2.578627824783325,nan,210,17;18;19;19;17
E3,300T-5S,300,5,0.5,CEO,15,15000,0.6535494978738533,403.0687534191231,0.5466666666666666,15120,2.6063902378082275,nan,208,20;21;18;16;17
E3,300T-5S,300,5,0.5,CEO,16,15000,0.6823658285244001,406.4912746495861,0.5633333333333334,15120,2.596341609954834,nan,201,16;20;23;20;20
E3,300T-5S,300,5,0.5,CEO,17,15000,0.6447758653872461,404.25962421647057,0.58,15120,2.5371689796447754,nan,210,16;17;23;18;16
E3,300T-5S,300,5,0.5,CEO,18,15000,0.6952885001745521,433.20242989554276,0.5,15120,2.508918523788452,nan,200,20;24;17;20;19
E3,300T-5S,300,5,0.5,CEO,21,15000,0.709188876587539,427.7978374419887,0.52,15120,2.4978578090667725,nan,206,15;20;17;20;22
E3,300T-5S,300,5,0.5,CEO,19,15000,0.7404940309575492,454.86652604027927,0.44666666666666666,15120,2.617530584335327,nan,196,18;18;19;28;21
E3,300T-5S,300,5,0.5,CEO,20,15000,0.6686179267211629,425.7974512566154,0.5166666666666667,15120,2.6283867359161377,nan,199,19;17;21;18;26
E3,300T-5S,300,5,0.5,CEO,22,15000,0.696015461480652,410.43684560007216,0.54,15120,2.6340267658233643,nan,202,18;21;19;21;19
E3,300T-5S,300,5,0.5,CEO,23,15000,0.6496104630518661,408.5687912433845,0.5533333333333333,15120,2.5777950286865234,nan,207,15;20;16;21;21
E3,300T-5S,300,5,0.5,CEO,24,15000,0.6735071150447702,404.5012333139739,0.5466666666666666,15120,2.5458741188049316,nan,204,18;18;22;18;20
E3,300T-5S,300,5,0.5,CEO,25,15000,0.6957927023756286,431.0753335808106,0.5033333333333333,15120,2.6434438228607178,nan,196,22;23;19;21;19
E3,300T-5S,300,5,0.5,CEO,26,15000,0.7016960179977116,426.658943206288,0.49666666666666665,15120,2.557630777359009,nan,207,18;22;21;15;17
E3,500T-5S,500,5,0.5,Random,1,15000,1162.1389662008396,2667.266628199526,0.142,15000,2.396200180053711,nan,116,87;81;72;70;74
E3,300T-5S,300,5,0.5,CEO,27,15000,0.7025830714667305,463.28837677052456,0.4866666666666667,15120,2.607297897338867,nan,208,19;18;16;21;18
E3,300T-5S,300,5,0.5,CEO,29,15000,0.6945171199678525,415.60239402927954,0.5166666666666667,15120,2.5386126041412354,nan,210,18;17;19;18;18
E3,300T-5S,300,5,0.5,CEO,30,15000,0.7185060574938531,449.6439698627489,0.47,15120,2.5517418384552,nan,198,18;20;20;18;26
E3,300T-5S,300,5,0.5,CEO,28,15000,0.6935410407582521,433.4766506440999,0.5033333333333333,15120,2.6395609378814697,nan,196,20;19;24;21;20
E3,500T-5S,500,5,0.5,Random,2,15000,782.0623340722996,2506.6768251745457,0.144,15000,2.5637528896331787,nan,118,81;64;85;74;78
E3,500T-5S,500,5,0.5,Random,3,15000,752.0027513424956,2658.824002672254,0.122,15000,2.4371016025543213,nan,119,83;75;61;80;82
E3,500T-5S,500,5,0.5,Random,5,15000,242.24176723769114,2857.713983827136,0.132,15000,2.416006565093994,nan,115,75;75;69;74;92
E3,500T-5S,500,5,0.5,Random,4,15000,592.3227631386645,2927.235714763643,0.132,15000,2.471951961517334,nan,108,97;73;70;70;82
E3,500T-5S,500,5,0.5,Random,6,15000,1021.9672591323857,2473.5046564108475,0.132,15000,2.5486762523651123,nan,115,73;87;66;90;69
E3,500T-5S,500,5,0.5,Random,7,15000,222.34507879633134,2979.9842604757414,0.098,15000,2.5656752586364746,nan,95,85;96;67;93;64
E3,500T-5S,500,5,0.5,Random,8,15000,452.31380083114175,2927.315245010449,0.112,15000,2.540203094482422,nan,95,52;82;77;90;104
E3,500T-5S,500,5,0.5,Random,9,15000,272.22816193404293,2748.487426522688,0.12,15000,2.543393611907959,nan,117,91;94;56;66;76
E3,500T-5S,500,5,0.5,Random,12,15000,1002.0738395730625,2638.78152034057,0.136,15000,2.4372706413269043,nan,119,70;80;79;88;64
E3,500T-5S,500,5,0.5,Random,10,15000,352.19207752495066,2698.1163433354996,0.132,15000,2.4880971908569336,nan,107,75;60;98;73;87
E3,500T-5S,500,5,0.5,Random,11,15000,752.1411901775243,2673.3137891682336,0.116,15000,2.526062488555908,nan,108,73;74;79;80;86
E3,500T-5S,500,5,0.5,Random,14,15000,362.20796287389226,2800.601463069788,0.134,15000,2.4028964042663574,nan,115,82;79;76;69;79
E3,500T-5S,500,5,0.5,Random,13,15000,132.31526865104317,2867.396770101722,0.092,15000,2.5860226154327393,nan,99,61;64;94;91;91
E3,500T-5S,500,5,0.5,Random,17,15000,412.31693330627314,2872.2212738737862,0.142,15000,2.216355800628662,nan,107,93;55;90;87;68
E3,500T-5S,500,5,0.5,Random,15,15000,912.0378816399098,2582.8344321676213,0.116,15000,2.4589807987213135,nan,112,79;70;66;83;90
E3,500T-5S,500,5,0.5,Random,20,15000,552.1148022316726,2763.057158847664,0.136,15000,2.397935152053833,nan,116,89;72;58;89;76
E3,500T-5S,500,5,0.5,Random,16,15000,1162.1781470024446,2581.1293126906558,0.142,15000,2.598097324371338,nan,121,74;89;66;77;73
E3,500T-5S,500,5,0.5,Random,18,15000,722.1280829749529,2686.5975968447956,0.14,15000,2.5510268211364746,nan,110,86;77;87;71;69
E3,500T-5S,500,5,0.5,Random,19,15000,432.1477189580512,2741.0256312736383,0.12,15000,2.6163618564605713,nan,109,73;81;89;73;75
E3,500T-5S,500,5,0.5,Random,23,15000,722.09542446844,2677.9652397536765,0.148,15000,2.3991663455963135,nan,117,88;66;85;76;68
E3,500T-5S,500,5,0.5,Random,21,15000,822.1899333002381,2721.8447556810806,0.134,15000,2.4918243885040283,nan,110,61;73;91;80;85
E3,500T-5S,500,5,0.5,Random,22,15000,542.1926660594346,2748.40329230813,0.114,15000,2.5277318954467773,nan,104,91;71;99;63;72
E3,500T-5S,500,5,0.5,Random,24,15000,771.9819162722359,2416.7117435394584,0.13,15000,2.437875747680664,nan,115,74;76;84;70;81
E3,500T-5S,500,5,0.5,Random,25,15000,1002.0951069216105,2695.7022780291386,0.154,15000,2.3691537380218506,nan,125,74;83;72;72;74
E3,500T-5S,500,5,0.5,Random,27,15000,442.02327815812407,2603.644315291633,0.112,15000,2.3344099521636963,nan,114,70;78;79;74;85
E3,500T-5S,500,5,0.5,Random,26,15000,52.21275046737725,2861.106127155487,0.122,15000,2.392284631729126,nan,103,94;91;57;73;82
E3,500T-5S,500,5,0.5,Random,29,15000,422.1753343254719,2645.5654421898735,0.116,15000,2.376235008239746,nan,111,76;75;88;68;82
E3,500T-5S,500,5,0.5,Random,28,15000,1152.0142761027396,2570.866165312974,0.11,15000,2.445767879486084,nan,115,68;70;79;84;84
E3,500T-5S,500,5,0.5,Random,30,15000,352.3521001831103,3135.0429700109926,0.108,15000,2.4828991889953613,nan,98,79;85;73;100;65
E3,500T-5S,500,5,0.5,GA,1,15000,111.41715957510762,1656.7946121484404,0.29,15000,11.223387241363525,nan,221,77;50;51;46;55
E3,500T-5S,500,5,0.5,GA,3,15000,1.5126693907746402,1917.3601082160808,0.23,15000,11.252498388290405,nan,202,71;42;40;58;87
E3,500T-5S,500,5,0.5,GA,2,15000,11.593967424914386,1863.4688825214598,0.242,15000,11.631306648254395,nan,199,78;48;59;47;69
E3,500T-5S,500,5,0.5,GA,4,15000,1.5264615352153208,1773.7050302793828,0.236,15000,11.424291610717773,nan,194,80;44;56;49;77
E3,500T-5S,500,5,0.5,GA,7,15000,1.443772854931594,1651.6243098386979,0.212,15000,11.36380124092102,nan,196,73;65;57;61;48
E3,500T-5S,500,5,0.5,GA,6,15000,1.3545506683415014,1578.6305025364943,0.248,15000,11.506285429000854,nan,218,50;60;54;65;53
E3,500T-5S,500,5,0.5,GA,9,15000,1.36234957517201,1529.8982381141006,0.266,15000,11.335217714309692,nan,209,58;54;60;55;64
E3,500T-5S,500,5,0.5,GA,11,15000,1.4235592498094023,1655.9777673219328,0.258,15000,11.597849607467651,nan,208,62;65;49;46;70
E3,500T-5S,500,5,0.5,GA,8,15000,1.469716017493095,1712.2955121186303,0.248,15000,11.776466369628906,nan,196,42;75;45;72;70
E3,500T-5S,500,5,0.5,GA,10,15000,1.3628323288229962,1540.5784864019772,0.282,15000,11.770080327987671,nan,209,47;50;64;62;68
E3,500T-5S,500,5,0.5,GA,5,15000,1.3844257303959586,1590.9553085546981,0.244,15000,12.079002380371094,nan,217,62;53;49;64;55
E3,500T-5S,500,5,0.5,GA,13,15000,1.3998280054862313,1568.0255151853528,0.236,15000,11.791432619094849,nan,211,53;55;61;55;65
E3,500T-5S,500,5,0.5,GA,14,15000,1.3527408004377706,1536.4039160868174,0.242,15000,11.764261484146118,nan,218,60;59;56;49;58
E3,500T-5S,500,5,0.5,GA,12,15000,11.482864446396428,1780.5711813488438,0.25,15000,11.883850812911987,nan,214,49;89;41;61;46
E3,500T-5S,500,5,0.5,GA,15,15000,1.3930466879487096,1642.7894590226706,0.244,15000,11.784617185592651,nan,212,48;44;68;51;77
E3,500T-5S,500,5,0.5,GA,16,15000,41.49902599214768,1689.657957847277,0.292,15000,11.675961256027222,nan,230,80;44;47;42;57
E3,500T-5S,500,5,0.5,GA,17,15000,1.4150293625126675,1597.4699228938978,0.27,15000,11.751386880874634,nan,211,69;46;58;63;53
E3,500T-5S,500,5,0.5,GA,18,15000,1.511795189102573,1777.9964223906265,0.224,15000,11.706873893737793,nan,201,74;45;80;47;53
E3,500T-5S,500,5,0.5,PSO,1,15000,341.0328594886369,1157.1790459265992,0.418,15000,3.0762205123901367,nan,337,12;17;24;24;86
E3,500T-5S,500,5,0.5,PSO,4,15000,221.2411714358517,1444.6943946804013,0.382,15000,3.273448944091797,nan,292,20;24;27;36;101
E3,500T-5S,500,5,0.5,PSO,6,15000,241.14243734219895,1304.1980237444295,0.332,15000,3.0897061824798584,nan,292,32;28;34;37;77
E3,500T-5S,500,5,0.5,PSO,2,15000,321.27001829234126,1461.701685028132,0.366,15000,3.321376085281372,nan,303,19;23;24;28;103
E3,500T-5S,500,5,0.5,PSO,3,15000,1.3333908400670436,1651.6419275614353,0.276,15000,3.3374433517456055,nan,263,29;32;35;44;97
E3,500T-5S,500,5,0.5,PSO,5,15000,1.2882539909119815,1486.3511862347002,0.304,15000,3.2781050205230713,nan,280,28;35;28;43;86
E3,500T-5S,500,5,0.5,PSO,7,15000,111.61827076062926,1913.5781099352098,0.196,15000,3.250488042831421,nan,195,46;55;60;85;59
E3,500T-5S,500,5,0.5,PSO,11,15000,11.17930486490942,1350.3598720277555,0.358,15000,3.129776954650879,nan,307,17;23;32;35;86
E3,500T-5S,500,5,0.5,PSO,9,15000,0.9664071608870525,1039.669026341855,0.42,15000,3.220996618270874,nan,365,13;13;16;19;74
E3,500T-5S,500,5,0.5,PSO,12,15000,341.2796831414808,1479.7314546980147,0.282,15000,3.1853902339935303,nan,256,36;38;43;48;79
E3,500T-5S,500,5,0.5,PSO,10,15000,61.38472699078312,1604.8740993820195,0.322,15000,3.3336191177368164,nan,263,26;38;35;43;95
E3,500T-5S,500,5,0.5,PSO,8,15000,31.643603762896234,1998.6201710489047,0.266,15000,3.410550117492676,nan,210,32;41;44;70;103
E3,500T-5S,500,5,0.5,GA,19,15000,1.4840706778605437,1752.8608586708833,0.216,15000,10.795081853866577,nan,193,68;64;69;42;64
E3,500T-5S,500,5,0.5,PSO,13,15000,1.2171632868107718,1368.2691848362745,0.342,15000,3.214998722076416,nan,288,23;32;26;40;91
E3,500T-5S,500,5,0.5,PSO,14,15000,131.29581738938202,1522.3242311391198,0.338,15000,3.1702849864959717,nan,296,18;21;35;37;93
E3,500T-5S,500,5,0.5,PSO,15,15000,211.38260801182386,1666.356049264804,0.294,15000,3.2652618885040283,nan,284,15;27;31;35;108
E3,500T-5S,500,5,0.5,GA,23,15000,1.4050708016279094,1665.1951470200293,0.266,15000,10.842705488204956,nan,211,57;47;63;65;57
E3,500T-5S,500,5,0.5,PSO,16,15000,371.1653769881139,1324.2146287977826,0.464,15000,3.289034366607666,nan,359,10;9;14;15;93
E3,500T-5S,500,5,0.5,PSO,17,15000,131.19115605260924,1310.1261184443401,0.34,15000,3.285020589828491,nan,287,22;33;37;48;73
E3,500T-5S,500,5,0.5,GA,22,15000,1.5306421618060129,1790.1680453086333,0.218,15000,11.08965277671814,nan,195,74;37;85;43;66
E3,500T-5S,500,5,0.5,PSO,18,15000,431.26113119594976,1468.4294450713876,0.334,15000,3.237919807434082,nan,289,21;26;32;32;100
E3,500T-5S,500,5,0.5,GA,20,15000,1.3691289550181256,1619.162737858766,0.234,15000,11.66424822807312,nan,211,63;62;48;50;66
E3,500T-5S,500,5,0.5,GA,21,15000,1.6306784303261286,1943.7504572236885,0.248,15000,11.5376877784729,nan,195,45;42;96;73;49
E3,500T-5S,500,5,0.5,GA,25,15000,11.397862924559703,1650.6298625130883,0.252,15000,11.355358123779297,nan,227,45;55;62;47;64
E3,500T-5S,500,5,0.5,GA,27,15000,1.3644039501019651,1609.7282046444927,0.224,15000,11.163898468017578,nan,211,49;60;62;52;66
E3,500T-5S,500,5,0.5,GA,26,15000,1.3515078006934507,1570.2936713055194,0.244,15000,11.267993927001953,nan,212,63;60;54;53;58
E3,500T-5S,500,5,0.5,GA,29,15000,1.4047718286696063,1550.3592166771941,0.222,15000,11.18417239189148,nan,208,60;63;56;57;56
E3,500T-5S,500,5,0.5,GA,24,15000,1.4834752194044472,1706.7489298851422,0.218,15000,11.9160795211792,nan,211,73;58;41;53;64
E3,500T-5S,500,5,0.5,GA,28,15000,51.41766753038164,1708.149809232976,0.25,15000,11.458125829696655,nan,226,46;62;43;39;84
E3,500T-5S,500,5,0.5,GA,30,15000,1.402104297749153,1659.7161905226892,0.214,15000,11.374175548553467,nan,209,63;63;48;75;42
E3,500T-5S,500,5,0.5,PSO,19,15000,191.17965852675462,1368.58519110521,0.346,15000,3.412630319595337,nan,310,14;23;25;35;93
E3,500T-5S,500,5,0.5,PSO,20,15000,171.26463333599943,1509.9810451419678,0.31,15000,3.3635990619659424,nan,267,29;31;36;48;89
E3,500T-5S,500,5,0.5,PSO,21,15000,381.40337080479713,1628.7858571098814,0.296,15000,3.298529624938965,nan,249,26;33;42;62;88
E3,500T-5S,500,5,0.5,PSO,23,15000,211.33466550701291,1589.151136908044,0.312,15000,3.179983377456665,nan,251,26;33;47;57;86
E3,500T-5S,500,5,0.5,PSO,29,15000,191.48825664270473,1697.6227226012197,0.248,15000,2.732034206390381,nan,225,35;43;55;53;89
E3,500T-5S,500,5,0.5,PSO,24,15000,311.48633791537105,1759.6518416193774,0.28,15000,3.162196397781372,nan,252,28;29;39;46;106
E3,500T-5S,500,5,0.5,PSO,22,15000,271.2184059045692,1378.2431589190676,0.318,15000,3.3164305686950684,nan,300,19;28;30;27;96
E3,500T-5S,500,5,0.5,PSO,27,15000,101.33621099621845,1606.1128365200684,0.276,15000,3.274409055709839,nan,259,32;33;43;41;92
E3,500T-5S,500,5,0.5,PSO,26,15000,101.43806170398562,1721.1985763930686,0.258,15000,3.3194968700408936,nan,244,27;32;43;59;95
E3,500T-5S,500,5,0.5,PSO,25,15000,431.39110220956434,1697.7682399554537,0.324,15000,3.384733200073242,nan,269,18;32;33;40;108
E3,500T-5S,500,5,0.5,PSO,28,15000,281.3495126307086,1688.2370480193222,0.362,15000,3.2129251956939697,nan,299,20;20;28;21;112
E3,500T-5S,500,5,0.5,CSA,1,15000,701.8865135808293,2320.2770506171632,0.202,15000,2.8579182624816895,nan,172,67;48;51;46;116
E3,500T-5S,500,5,0.5,CSA,2,15000,391.94698765909607,2365.039556644997,0.19,15000,2.835528612136841,nan,159,78;48;58;52;105
E3,500T-5S,500,5,0.5,CSA,5,15000,142.1627124693566,2735.9059963832237,0.136,15000,2.7100846767425537,nan,118,75;78;48;79;102
E3,500T-5S,500,5,0.5,PSO,30,15000,251.60996809934463,2016.4011867606032,0.232,15000,3.3057851791381836,nan,202,33;55;57;85;68
E3,500T-5S,500,5,0.5,CSA,3,15000,241.82544960384269,2415.170109626217,0.19,15000,3.021721839904785,nan,171,66;43;40;60;120
E3,500T-5S,500,5,0.5,CSA,4,15000,462.2802636520978,2884.616564925407,0.162,15000,2.9635238647460938,nan,141,77;45;63;49;125
E3,500T-5S,500,5,0.5,CSA,6,15000,591.9163548034853,2433.3281642586007,0.184,15000,2.905118227005005,nan,159,49;60;55;65;112
E3,500T-5S,500,5,0.5,CSA,7,15000,122.23385673760092,2827.023250960802,0.126,15000,2.8313729763031006,nan,103,87;90;64;97;59
E3,500T-5S,500,5,0.5,CSA,8,15000,11.82486353620995,2240.1255648813403,0.212,15000,2.9070515632629395,nan,166,44;72;48;70;100
E3,500T-5S,500,5,0.5,CSA,11,15000,321.9058349495652,2356.52422991567,0.184,15000,2.7823331356048584,nan,155,62;66;54;49;114
E3,500T-5S,500,5,0.5,CSA,9,15000,71.99877617094732,2425.1147981387035,0.158,15000,2.9070262908935547,nan,136,67;86;62;63;86
E3,500T-5S,500,5,0.5,CSA,10,15000,31.947936453581413,2371.009375675694,0.194,15000,2.887394666671753,nan,147,49;55;88;69;92
E3,500T-5S,500,5,0.5,CSA,13,15000,12.217699876113233,2749.4379478749215,0.134,15000,2.8554494380950928,nan,117,58;56;82;94;93
E3,500T-5S,500,5,0.5,CSA,14,15000,222.09228091272328,2621.229899045866,0.138,15000,2.763889789581299,nan,132,76;63;78;55;96
E3,500T-5S,500,5,0.5,CSA,12,15000,681.9320638011139,2459.134345136,0.196,15000,2.9588816165924072,nan,151,51;80;43;62;113
E3,500T-5S,500,5,0.5,CSA,19,15000,222.11975206587144,2699.3466906648378,0.124,15000,2.440080165863037,nan,129,67;74;92;43;95
E3,500T-5S,500,5,0.5,CSA,15,15000,391.9587302847075,2503.2860437223644,0.176,15000,2.870103120803833,nan,162,48;45;68;53;124
E3,500T-5S,500,5,0.5,CSA,16,15000,722.0113787485259,2389.6367488422165,0.216,15000,2.8886449337005615,nan,166,73;45;44;56;116
E3,500T-5S,500,5,0.5,CSA,17,15000,272.1152181833272,2585.118128319875,0.168,15000,2.955714702606201,nan,131,84;46;81;71;87
E3,500T-5S,500,5,0.5,CSA,21,15000,512.045622978085,2533.9105500299056,0.18,15000,2.706590414047241,nan,139,49;49;93;74;96
E3,500T-5S,500,5,0.5,CSA,18,15000,461.9080533857517,2354.302298006482,0.16,15000,3.0031349658966064,nan,150,69;45;85;69;82
E3,500T-5S,500,5,0.5,CSA,20,15000,271.86072077213925,2360.64856411263,0.154,15000,2.962594747543335,nan,145,74;71;49;63;98
E3,500T-5S,500,5,0.5,CSA,22,15000,352.04829633180213,2562.466240274516,0.166,15000,2.977797746658325,nan,133,93;40;82;60;92
E3,500T-5S,500,5,0.5,CSA,23,15000,331.83955610728617,2299.602945281128,0.188,15000,3.023376941680908,nan,158,57;49;71;67;98
E3,500T-5S,500,5,0.5,CSA,24,15000,401.8810975586631,2296.699632640459,0.178,15000,2.9492788314819336,nan,162,66;61;41;55;115
E3,500T-5S,500,5,0.5,CSA,25,15000,461.8839557604592,2400.4334791512283,0.21,15000,2.9472010135650635,nan,182,41;55;63;50;109
E3,500T-5S,500,5,0.5,CSA,26,15000,22.089324181108392,2666.8553619822633,0.128,15000,2.8755128383636475,nan,116,78;88;59;73;86
E3,500T-5S,500,5,0.5,CSA,27,15000,242.0110901524358,2603.334363596974,0.136,15000,2.8254973888397217,nan,134,59;71;78;55;103
E3,500T-5S,500,5,0.5,CSA,28,15000,581.9756192011515,2594.363742538837,0.216,15000,2.847320795059204,nan,172,41;62;43;41;141
E3,500T-5S,500,5,0.5,CSA,29,15000,222.01379640360827,2417.3276737653277,0.14,15000,2.930415391921997,nan,137,61;70;79;61;92
E3,500T-5S,500,5,0.5,CSA,30,15000,222.153332687176,2819.6349209837485,0.122,15000,3.007326126098633,nan,112,76;85;63;99;65
E3,500T-5S,500,5,0.5,GA-PSO,2,15000,0.9160030333161335,930.9971946453282,0.382,15050,3.3061516284942627,nan,324,27;28;37;31;53
E3,500T-5S,500,5,0.5,GA-PSO,1,15000,1.0683305253798538,1159.473621814339,0.35,15050,3.399423599243164,nan,278,43;48;43;37;51
E3,500T-5S,500,5,0.5,GA-PSO,4,15000,0.822575236104523,867.2387673663766,0.474,15050,3.278235673904419,nan,346,20;27;31;34;42
E3,500T-5S,500,5,0.5,GA-PSO,3,15000,0.9195247694776412,1014.2625187099686,0.354,15050,3.4056453704833984,nan,319,29;33;36;35;48
E3,500T-5S,500,5,0.5,GA-PSO,6,15000,1.1771883936295389,1332.8346106346467,0.298,15050,3.3415327072143555,nan,250,40;56;47;54;53
E3,500T-5S,500,5,0.5,GA-PSO,5,15000,1.0221495618601808,1089.4059250633816,0.334,15050,3.541569471359253,nan,309,28;32;31;33;67
E3,500T-5S,500,5,0.5,GA-PSO,7,15000,1.431797725622622,1645.3701757461583,0.228,15050,3.5180060863494873,nan,213,49;59;61;71;47
E3,500T-5S,500,5,0.5,GA-PSO,8,15000,1.0723067571207794,1165.2687713019873,0.344,15050,3.5376434326171875,nan,287,26;33;41;44;69
E3,500T-5S,500,5,0.5,GA-PSO,9,15000,0.9888484943027727,1029.5880530818488,0.362,15050,3.4713633060455322,nan,304,25;33;37;49;52
E3,500T-5S,500,5,0.5,GA-PSO,10,15000,0.9732611519163072,1019.4396121857746,0.382,15050,3.5673434734344482,nan,307,33;32;41;39;48
E3,500T-5S,500,5,0.5,GA-PSO,11,15000,0.9095249006017889,955.8110184041467,0.396,15050,3.508129835128784,nan,313,29;28;43;38;49
E3,500T-5S,500,5,0.5,GA-PSO,12,15000,1.221825616999881,1394.7782953884391,0.292,15050,3.507493257522583,nan,240,46;64;43;62;45
E3,500T-5S,500,5,0.5,GA-PSO,13,15000,1.0336320133607209,1079.3659319488597,0.334,15050,3.522423028945923,nan,302,27;37;34;38;62
E3,500T-5S,500,5,0.5,GA-PSO,16,15000,0.9485126691653347,961.4048708437942,0.406,15050,3.2500250339508057,nan,312,31;37;30;40;50
E3,500T-5S,500,5,0.5,GA-PSO,15,15000,0.9600864884219988,1035.9398720540726,0.36,15050,3.3343417644500732,nan,306,32;35;34;40;53
E3,500T-5S,500,5,0.5,GA-PSO,14,15000,0.9010831069897347,945.2552786395323,0.396,15050,3.4580702781677246,nan,330,26;31;34;31;48
E3,500T-5S,500,5,0.5,GA-PSO,17,15000,1.3394796591558606,1487.0958960666476,0.276,15050,3.53179669380188,nan,228,47;40;62;63;60
E3,500T-5S,500,5,0.5,GA-PSO,18,15000,1.1382333327922867,1262.9134060192987,0.32,15050,3.532928943634033,nan,266,38;37;59;43;57
E3,500T-5S,500,5,0.5,GA-PSO,21,15000,1.490307600883101,1729.3860778771852,0.252,15050,3.457794666290283,nan,206,48;44;84;72;46
E3,500T-5S,500,5,0.5,GA-PSO,20,15000,0.8980010048356049,978.5967786925553,0.396,15050,3.514655590057373,nan,320,27;31;37;39;46
E3,500T-5S,500,5,0.5,GA-PSO,19,15000,0.9401435580674926,995.3800534439531,0.36,15050,3.5843963623046875,nan,319,36;29;31;38;47
E3,500T-5S,500,5,0.5,GA-PSO,22,15000,1.2048031523416496,1330.1718686735248,0.284,15050,3.5162675380706787,nan,261,31;37;56;46;69
E3,500T-5S,500,5,0.5,GA-PSO,23,15000,1.0285560787895225,1117.3629006890937,0.336,15050,3.5718395709991455,nan,288,31;33;40;45;63
E3,500T-5S,500,5,0.5,GA-PSO,24,15000,0.9336609853535429,972.768948491777,0.378,15050,3.54789662361145,nan,320,31;26;37;32;54
E3,500T-5S,500,5,0.5,GA-PSO,26,15000,0.9463687534173644,1023.2534737324992,0.376,15050,3.4701786041259766,nan,326,21;24;34;40;55
E3,500T-5S,500,5,0.5,GA-PSO,25,15000,0.9883593565733956,1054.9313476111847,0.332,15050,3.542520523071289,nan,299,31;38;36;40;56
E3,500T-5S,500,5,0.5,GA-PSO,27,15000,0.9254727617593108,999.8487919376535,0.362,15050,3.4456329345703125,nan,309,31;34;36;42;48
E3,500T-5S,500,5,0.5,GA-PSO,28,15000,0.9111833072017315,1001.270893341127,0.4,15050,3.412755012512207,nan,324,24;28;36;36;52
E3,500T-5S,500,5,0.5,GA-PSO,29,15000,1.018057361007073,1062.3832188639335,0.356,15050,3.568547248840332,nan,306,33;33;35;39;54
E3,500T-5S,500,5,0.5,GA-PSO,30,15000,1.4048803681582112,1670.8610779155197,0.222,15050,3.5577661991119385,nan,203,59;64;59;72;43
E3,500T-5S,500,5,0.5,CEO,1,15000,1.008723438947191,1072.7356933918852,0.358,15120,2.893091917037964,nan,294,44;43;45;36;38
E3,500T-5S,500,5,0.5,CEO,2,15000,1.0348902293579711,1094.9365395853547,0.358,15120,2.8918612003326416,nan,288,43;39;43;39;48
E3,500T-5S,500,5,0.5,CEO,3,15000,1.1303165680245593,1319.9599377748573,0.292,15120,3.013835906982422,nan,269,48;37;36;50;60
E3,500T-5S,500,5,0.5,CEO,4,15000,1.0855616514391169,1184.9300351200827,0.358,15120,2.9913477897644043,nan,279,45;42;43;38;53
E3,500T-5S,500,5,0.5,CEO,6,15000,0.9492067975546787,1023.1235110519647,0.37,15120,2.7656660079956055,nan,312,31;38;35;45;39
E3,500T-5S,500,5,0.5,CEO,5,15000,1.0280797752731656,1081.3916189499264,0.312,15120,2.94372820854187,nan,293,37;46;37;40;47
E3,500T-5S,500,5,0.5,CEO,10,15000,1.0968314737838614,1175.319282757402,0.338,15120,2.7631261348724365,nan,266,37;41;51;51;54
E3,500T-5S,500,5,0.5,CEO,8,15000,1.0583223789971554,1149.637468862472,0.352,15120,2.929534435272217,nan,271,34;50;39;52;54
E3,500T-5S,500,5,0.5,CEO,7,15000,1.1906501545017216,1292.7152411901477,0.262,15120,2.989673137664795,nan,252,44;57;49;57;41
E3,500T-5S,500,5,0.5,CEO,9,15000,1.0408651126581003,1098.7806732683484,0.348,15120,2.9789235591888428,nan,289,35;45;44;38;49
E3,500T-5S,500,5,0.5,CEO,11,15000,1.0411203044811645,1101.4901620801036,0.318,15120,2.8917629718780518,nan,284,40;48;43;38;47
E3,500T-5S,500,5,0.5,CEO,12,15000,1.0713975916370053,1188.367446495787,0.336,15120,2.9643373489379883,nan,282,40;54;37;50;37
E3,500T-5S,500,5,0.5,CEO,13,15000,1.1063388948102033,1175.9696700662053,0.314,15120,2.934130907058716,nan,280,34;40;46;50;50
E3,500T-5S,500,5,0.5,CEO,14,15000,1.0666775171192708,1137.1113945723318,0.308,15120,2.98690128326416,nan,289,40;40;45;44;42
E3,500T-5S,500,5,0.5,CEO,15,15000,1.0124658326931422,1109.3834971711099,0.346,15120,2.971561908721924,nan,291,31;39;46;42;51
E3,500T-5S,500,5,0.5,CEO,16,15000,1.0001015366560542,1040.4832996555997,0.41,15120,2.924231767654419,nan,304,43;41;34;37;41
E3,500T-5S,500,5,0.5,CEO,18,15000,1.0836970706299323,1184.540320107083,0.33,15120,2.914660930633545,nan,278,42;41;51;46;42
E3,500T-5S,500,5,0.5,CEO,17,15000,1.0743367151733045,1130.8807995907605,0.338,15120,3.0748720169067383,nan,281,40;41;47;47;44
E3,500T-5S,500,5,0.5,CEO,19,15000,1.069024082286012,1170.1420107452013,0.32,15120,3.0487749576568604,nan,283,39;48;49;39;42
E3,500T-5S,500,5,0.5,CEO,20,15000,1.0115946180663102,1112.5684438770443,0.332,15120,2.9932310581207275,nan,283,42;44;41;43;47
E3,500T-5S,500,5,0.5,CEO,21,15000,1.0850763538610833,1188.3562971234019,0.364,15120,2.975257396697998,nan,280,35;39;52;50;44
E3,500T-5S,500,5,0.5,CEO,22,15000,1.0971256213669465,1179.8800802989074,0.308,15120,3.048898458480835,nan,272,49;40;48;42;49
E3,500T-5S,500,5,0.5,CEO,23,15000,1.0200677602518815,1124.6002009428325,0.362,15120,3.0398454666137695,nan,296,29;36;45;44;50
E3,500T-5S,500,5,0.5,CEO,24,15000,1.0356617280693432,1102.4391014560608,0.34,15120,3.0217113494873047,nan,286,39;42;38;45;50
E3,500T-5S,500,5,0.5,CEO,25,15000,1.0013552915966353,1109.7382013485103,0.374,15120,3.044529438018799,nan,297,31;39;45;44;44
E3,500T-5S,500,5,0.5,CEO,27,15000,1.0647244696065117,1196.4506569276687,0.322,15120,3.0072529315948486,nan,281,36;47;44;46;46
E3,200T-10S,200,10,0.5,Random,1,15000,0.8362906990839566,343.3061848869039,0.415,15000,2.3612143993377686,nan,31,18;13;17;19;21;16;14;22;15;14
E3,200T-10S,200,10,0.5,Random,2,15000,0.8364990017094442,329.18955257160917,0.445,15000,2.368025302886963,nan,33,16;17;19;18;16;12;23;16;16;14
E3,500T-5S,500,5,0.5,CEO,26,15000,1.0936834183010142,1199.5809015408895,0.3,15120,3.108452796936035,nan,263,44;40;51;49;53
E3,200T-10S,200,10,0.5,Random,3,15000,0.8081925801163308,335.203311463016,0.42,15000,2.353494882583618,nan,29,17;22;19;15;11;13;17;20;15;22
E3,500T-5S,500,5,0.5,CEO,28,15000,1.0718904028115257,1200.6575109258088,0.322,15120,3.099665641784668,nan,287,34;48;36;37;58
E3,200T-10S,200,10,0.5,Random,4,15000,0.859983552697317,356.20134827478995,0.4,15000,2.3620011806488037,nan,33,11;18;15;13;18;18;14;24;20;16
E3,500T-5S,500,5,0.5,CEO,30,15000,1.0871585291373025,1222.3040231673062,0.312,15120,3.0409834384918213,nan,269,44;54;47;50;36
E3,500T-5S,500,5,0.5,CEO,29,15000,1.0575943724490402,1102.8863113015407,0.33,15120,3.135380744934082,nan,279,38;53;46;44;40
E3,200T-10S,200,10,0.5,Random,5,15000,0.8177925280010462,350.722837253195,0.45,15000,2.3939363956451416,nan,25,16;17;17;20;16;13;17;23;18;18
E3,200T-10S,200,10,0.5,Random,6,15000,0.7731800721234608,322.829601264309,0.455,15000,2.331963300704956,nan,30,20;16;14;17;14;16;14;22;25;12
E3,200T-10S,200,10,0.5,Random,7,15000,0.8736382096231085,347.9441238609233,0.365,15000,2.445831060409546,nan,27,20;14;24;17;19;15;14;18;14;18
E3,200T-10S,200,10,0.5,Random,8,15000,0.8435684418011049,325.98876957511266,0.485,15000,2.3787407875061035,nan,25,22;16;15;22;20;21;15;19;11;14
E3,200T-10S,200,10,0.5,Random,9,15000,0.8415339943967453,374.19100274783966,0.35,15000,2.472806930541992,nan,28,16;15;13;20;16;19;18;19;18;18
E3,200T-10S,200,10,0.5,Random,10,15000,0.8470681028827285,339.12847676375,0.41,15000,2.455585479736328,nan,30,22;16;17;14;19;11;19;18;17;17
E3,200T-10S,200,10,0.5,Random,12,15000,0.8268799715726555,313.83870556288974,0.405,15000,2.2514519691467285,nan,28,18;16;17;17;18;20;19;14;19;14
E3,200T-10S,200,10,0.5,Random,11,15000,0.8104639340365081,330.0474372046594,0.415,15000,2.383737087249756,nan,27,16;20;19;20;20;17;15;18;11;17
E3,200T-10S,200,10,0.5,Random,15,15000,0.8190502466729395,328.3592866897933,0.38,15000,2.267118215560913,nan,24,20;20;18;17;21;15;19;15;17;14
E3,200T-10S,200,10,0.5,Random,13,15000,0.825154095429214,347.2886325975523,0.46,15000,2.3683841228485107,nan,25,17;20;17;14;18;17;15;16;16;25
E3,200T-10S,200,10,0.5,Random,14,15000,0.798799089422032,318.908542070551,0.475,15000,2.3658037185668945,nan,32,17;18;14;16;15;20;16;23;12;17
E3,200T-10S,200,10,0.5,Random,17,15000,0.8277440790465745,339.53511962149406,0.405,15000,2.2884230613708496,nan,31,15;10;22;18;23;16;15;17;19;14
E3,200T-10S,200,10,0.5,Random,18,15000,0.7763542384748844,320.79023060993893,0.455,15000,2.3486742973327637,nan,27,18;19;18;24;15;12;17;21;13;16
E3,200T-10S,200,10,0.5,Random,16,15000,0.8503721898577298,360.337384296766,0.42,15000,2.3859832286834717,nan,32,14;18;20;24;13;15;14;17;21;12
E3,200T-10S,200,10,0.5,Random,19,15000,0.8288037734285542,317.54929193556904,0.395,15000,2.3706395626068115,nan,29,18;16;12;13;15;20;17;19;18;23
E3,200T-10S,200,10,0.5,Random,20,15000,0.8422250223280978,330.8841756632271,0.46,15000,2.3208956718444824,nan,32,21;13;16;12;17;16;14;24;16;19
E3,200T-10S,200,10,0.5,Random,21,15000,0.8860044158194402,351.27288024381016,0.4,15000,2.253812551498413,nan,33,9;18;19;25;19;18;15;17;11;16
E3,200T-10S,200,10,0.5,Random,22,15000,0.8126985565503387,337.9862384551569,0.405,15000,2.3005518913269043,nan,35,13;18;17;18;15;22;17;15;18;12
E3,200T-10S,200,10,0.5,Random,23,15000,0.8407010698017361,349.2848901313582,0.475,15000,2.2748284339904785,nan,29,23;20;19;14;13;15;16;15;18;18
E3,200T-10S,200,10,0.5,Random,24,15000,0.8268273240206181,333.0513011884237,0.44,15000,2.2683653831481934,nan,28,17;20;19;15;22;12;18;13;17;19
E3,200T-10S,200,10,0.5,Random,25,15000,0.8485867410691662,353.15514788688336,0.405,15000,2.265732765197754,nan,22,16;20;16;20;17;18;13;22;17;19
E3,200T-10S,200,10,0.5,Random,26,15000,0.8778989337317502,359.6197782215238,0.38,15000,2.2388932704925537,nan,24,19;17;15;18;17;26;10;14;18;22
E3,200T-10S,200,10,0.5,Random,28,15000,0.780600331744685,329.59432384917733,0.48,15000,2.0932722091674805,nan,32,17;14;13;19;13;20;17;22;17;16
E3,200T-10S,200,10,0.5,Random,27,15000,0.8569231080355171,336.58324041260227,0.42,15000,2.2900891304016113,nan,36,18;11;14;16;17;15;23;16;15;19
E3,200T-10S,200,10,0.5,Random,29,15000,0.8385412951221181,354.0546493505993,0.46,15000,2.268519401550293,nan,30,14;12;9;20;14;20;25;19;18;19
E3,200T-10S,200,10,0.5,Random,30,15000,0.8119255452393772,346.7921876786554,0.415,15000,2.2409608364105225,nan,32,20;14;16;8;17;18;21;13;24;17
E3,200T-10S,200,10,0.5,GA,2,15000,0.5502800092703116,229.83243482806165,0.68,15000,5.996997594833374,nan,74,14;14;16;13;12;11;12;12;15;7
E3,200T-10S,200,10,0.5,GA,4,15000,0.5957262338319188,258.07942184240983,0.62,15000,5.970234155654907,nan,73,12;13;12;11;12;16;13;14;10;14
E3,200T-10S,200,10,0.5,GA,1,15000,0.5908334734493785,246.74116148369,0.6,15000,6.073625087738037,nan,70,11;11;14;11;17;12;13;14;14;13
E3,200T-10S,200,10,0.5,GA,3,15000,0.5807986622373376,252.79598883462262,0.62,15000,6.127428770065308,nan,68,9;12;17;17;11;15;13;11;13;14
E3,200T-10S,200,10,0.5,GA,5,15000,0.5629770025878745,252.3048773977938,0.655,15000,6.045628309249878,nan,65,14;13;14;14;12;14;11;15;13;15
E3,200T-10S,200,10,0.5,GA,12,15000,0.5852560525470909,240.25282742577227,0.64,15000,5.646822452545166,nan,73,12;11;15;13;15;10;11;12;14;14
E3,200T-10S,200,10,0.5,GA,7,15000,0.5889393884796634,246.46552422958882,0.61,15000,6.0787646770477295,nan,84,13;12;12;9;12;12;15;14;11;6
E3,200T-10S,200,10,0.5,GA,6,15000,0.517725154592888,230.6548142202842,0.68,15000,6.174360036849976,nan,72,15;12;13;12;12;12;11;15;11;15
E3,200T-10S,200,10,0.5,GA,9,15000,0.6252326633378171,284.5060164488053,0.535,15000,5.999989032745361,nan,69,13;11;17;13;14;12;11;17;10;13
E3,200T-10S,200,10,0.5,GA,8,15000,0.5893411179773556,236.0312022678595,0.67,15000,6.156976938247681,nan,64,12;14;14;13;15;17;13;15;11;12
E3,200T-10S,200,10,0.5,GA,10,15000,0.6046604789957672,250.11354997549012,0.605,15000,6.0726563930511475,nan,67,13;16;11;13;12;13;14;15;10;16
E3,200T-10S,200,10,0.5,GA,11,15000,0.5776680291020364,245.42967674914712,0.615,15000,6.007286787033081,nan,57,18;14;15;15;14;12;15;15;13;12
E3,200T-10S,200,10,0.5,GA,13,15000,0.5489237377462006,246.42750068127415,0.69,15000,5.689314603805542,nan,78,13;14;9;11;13;13;16;12;7;14
E3,200T-10S,200,10,0.5,GA,15,15000,0.5566419303803289,238.11240980471482,0.625,15000,5.5855255126953125,nan,72,15;13;12;14;12;10;16;13;12;11
E3,200T-10S,200,10,0.5,GA,14,15000,0.5404699663283872,232.19171939732811,0.7,15000,5.940489053726196,nan,71,12;12;14;17;10;11;15;14;13;11
E3,200T-10S,200,10,0.5,GA,16,15000,0.6131037069988285,268.8541631285973,0.61,15000,5.699609041213989,nan,63,11;15;15;15;9;17;14;17;9;15
E3,200T-10S,200,10,0.5,GA,17,15000,0.5691174419578147,250.76729803395077,0.645,15000,6.038950681686401,nan,71,12;12;11;11;13;13;12;16;15;14
E3,200T-10S,200,10,0.5,GA,18,15000,0.5591668262833795,236.63011603196534,0.625,15000,5.997382402420044,nan,68,10;14;15;13;9;11;18;13;14;15
E3,200T-10S,200,10,0.5,PSO,3,15000,0.5816196558919982,253.32706512226568,0.62,15000,2.323099136352539,nan,105,9;10;7;10;5;6;6;8;8;26
E3,200T-10S,200,10,0.5,PSO,1,15000,0.6462738821249799,273.85031929889055,0.575,15000,2.901435136795044,nan,109,10;8;6;6;6;4;8;8;8;27
E3,200T-10S,200,10,0.5,PSO,2,15000,0.6401901534102914,260.6963037203019,0.605,15000,2.867771863937378,nan,101,8;7;8;11;7;6;5;6;11;30
E3,200T-10S,200,10,0.5,PSO,4,15000,0.6204376325979647,269.0274638279829,0.605,15000,2.9545645713806152,nan,114,5;6;6;7;6;6;8;8;6;28
E3,200T-10S,200,10,0.5,PSO,6,15000,0.6056861792285504,266.4150960164127,0.615,15000,2.7877464294433594,nan,104,9;8;6;6;7;2;7;9;13;29
E3,200T-10S,200,10,0.5,PSO,5,15000,0.6193131968424179,279.014064761874,0.625,15000,2.900250196456909,nan,99,9;7;9;6;6;9;7;9;11;28
E3,200T-10S,200,10,0.5,GA,24,15000,0.5629477346257081,237.80656223802987,0.655,15000,5.66765022277832,nan,72,11;12;14;11;12;14;15;12;16;11
E3,200T-10S,200,10,0.5,GA,20,15000,0.5888861591474469,230.65247551739745,0.62,15000,5.93331241607666,nan,74,13;12;12;15;11;12;8;15;14;14
E3,200T-10S,200,10,0.5,GA,28,15000,0.5320455814679796,238.7091899611095,0.69,15000,5.602809429168701,nan,68,13;16;13;17;15;11;11;12;13;11
E3,200T-10S,200,10,0.5,GA,25,15000,0.5836749760717872,250.67824396621003,0.615,15000,5.838247537612915,nan,66,12;13;13;16;12;11;13;15;17;12
E3,200T-10S,200,10,0.5,GA,21,15000,0.6328643943080522,257.97645250091847,0.595,15000,6.139398097991943,nan,65,14;15;11;15;16;14;13;13;14;10
E3,200T-10S,200,10,0.5,GA,22,15000,0.5537177969005507,241.89031518319712,0.63,15000,6.0524001121521,nan,67,13;14;12;16;14;10;11;14;16;13
E3,200T-10S,200,10,0.5,GA,19,15000,0.597229335080445,241.1796641581601,0.605,15000,6.261741876602173,nan,69,12;12;13;14;11;15;13;13;16;12
E3,200T-10S,200,10,0.5,GA,27,15000,0.5862550361622703,236.7415621272099,0.625,15000,5.887535572052002,nan,69,14;13;13;15;10;15;11;16;9;15
E3,200T-10S,200,10,0.5,GA,30,15000,0.5847957056542583,261.91450772427015,0.615,15000,5.692177057266235,nan,58,14;16;14;13;16;13;11;16;14;15
E3,200T-10S,200,10,0.5,PSO,7,15000,0.6468661624027009,276.45058742715787,0.59,15000,2.729210376739502,nan,109,6;4;4;6;7;8;6;11;11;28
E3,200T-10S,200,10,0.5,GA,23,15000,0.582643684913043,247.76327717976233,0.655,15000,6.169241428375244,nan,64,14;14;14;12;14;11;15;13;17;12
E3,200T-10S,200,10,0.5,PSO,9,15000,0.700248832797854,320.7390636574693,0.485,15000,2.4111361503601074,nan,83,8;7;12;7;8;8;11;14;13;29
E3,200T-10S,200,10,0.5,GA,29,15000,0.5757069587841182,247.98027227027833,0.645,15000,5.926892995834351,nan,69,11;12;14;12;13;12;15;10;17;15
E3,200T-10S,200,10,0.5,GA,26,15000,0.6217603893108208,273.4105775274065,0.62,15000,6.158705711364746,nan,71,14;13;15;12;12;12;10;18;11;12
E3,200T-10S,200,10,0.5,PSO,8,15000,0.5767873066425037,234.6106961368403,0.69,15000,2.80993914604187,nan,115,8;6;7;5;6;5;9;8;9;22
E3,200T-10S,200,10,0.5,PSO,10,15000,0.621313873544111,264.9506757921825,0.62,15000,2.830981969833374,nan,114,7;5;5;7;5;8;6;7;11;25
E3,200T-10S,200,10,0.5,PSO,11,15000,0.6162847536618574,262.07129490579155,0.59,15000,2.8319921493530273,nan,112,8;6;7;6;5;6;7;12;7;24
E3,200T-10S,200,10,0.5,PSO,12,15000,0.6679943697185667,270.03621417520833,0.575,15000,2.879664421081543,nan,91,9;7;8;10;9;9;10;7;9;31
E3,200T-10S,200,10,0.5,PSO,13,15000,0.5863330064849464,258.8821736688715,0.655,15000,2.7868118286132812,nan,109,6;7;4;5;6;7;11;7;12;26
E3,200T-10S,200,10,0.5,PSO,17,15000,0.6362617652315472,276.15304127367415,0.59,15000,2.7458667755126953,nan,103,5;6;6;6;8;8;8;8;12;30
E3,200T-10S,200,10,0.5,PSO,16,15000,0.6336500638221201,272.42064937872465,0.58,15000,2.814333200454712,nan,105,7;9;8;8;8;7;7;7;6;28
E3,200T-10S,200,10,0.5,PSO,15,15000,0.6317845972358421,273.6817998073535,0.585,15000,2.964876413345337,nan,98,7;10;7;7;10;5;8;14;10;24
E3,200T-10S,200,10,0.5,PSO,24,15000,0.6267246269075388,272.0826332717403,0.64,15000,2.5744893550872803,nan,107,8;8;9;5;6;5;7;9;7;29
E3,200T-10S,200,10,0.5,PSO,14,15000,0.638278165358948,271.02703153730414,0.635,15000,3.0275845527648926,nan,108,6;6;6;8;5;6;7;8;9;31
E3,200T-10S,200,10,0.5,PSO,19,15000,0.6764483555561155,276.90990013702094,0.565,15000,2.762590169906616,nan,97,8;4;4;9;8;11;4;12;13;30
E3,200T-10S,200,10,0.5,PSO,20,15000,0.6484163366539705,260.73847616765613,0.605,15000,2.760375738143921,nan,104,4;10;6;6;8;8;7;9;9;29
E3,200T-10S,200,10,0.5,PSO,18,15000,0.628586809425292,264.911105944674,0.575,15000,2.8025901317596436,nan,87,8;8;9;9;7;9;11;10;8;34
E3,200T-10S,200,10,0.5,PSO,22,15000,0.6014713104189271,263.3776363131128,0.6,15000,2.810901641845703,nan,107,6;9;4;7;7;6;9;11;10;24
E3,200T-10S,200,10,0.5,PSO,26,15000,0.7064411354313836,303.2876004418699,0.545,15000,2.632871150970459,nan,85,8;5;12;8;10;9;10;12;8;33
E3,200T-10S,200,10,0.5,PSO,23,15000,0.6481310313973317,273.7314591462052,0.61,15000,2.885161876678467,nan,94,8;8;8;8;6;8;7;12;11;30
E3,200T-10S,200,10,0.5,PSO,21,15000,0.6581279176887105,265.62738395970894,0.57,15000,2.988339900970459,nan,97,12;10;8;8;10;6;6;8;10;25
E3,200T-10S,200,10,0.5,PSO,25,15000,0.6346514145690658,273.7331707338187,0.585,15000,2.9843528270721436,nan,105,9;8;6;8;6;5;5;7;10;31
E3,200T-10S,200,10,0.5,PSO,27,15000,0.6637903057341987,269.41609789219103,0.58,15000,2.7255899906158447,nan,108,6;7;8;9;5;8;6;7;7;29
E3,200T-10S,200,10,0.5,PSO,28,15000,0.5680819208377065,252.02738748816623,0.66,15000,2.809345006942749,nan,108,9;6;8;8;6;8;8;6;9;24
E3,200T-10S,200,10,0.5,PSO,30,15000,0.6164199038763731,274.6826948106235,0.59,15000,2.7662241458892822,nan,102,5;9;8;5;11;8;9;8;9;26
E3,200T-10S,200,10,0.5,PSO,29,15000,0.6513574079858774,279.522443763252,0.595,15000,2.966911554336548,nan,98,8;6;7;6;8;9;6;9;13;30
E3,200T-10S,200,10,0.5,CSA,1,15000,0.7795440013856086,321.68554453465003,0.46,15000,2.595782995223999,nan,50,13;14;16;16;15;9;13;17;11;26
E3,200T-10S,200,10,0.5,CSA,3,15000,0.7191916299167931,300.2717087662526,0.49,15000,2.427236795425415,nan,63,9;9;11;11;13;18;13;14;11;28
E3,200T-10S,200,10,0.5,CSA,7,15000,0.7843651734795598,317.11678077555393,0.445,15000,2.431293487548828,nan,42,13;14;13;14;14;14;16;17;18;25
E3,200T-10S,200,10,0.5,CSA,5,15000,0.7481844989451542,325.1302956984176,0.51,15000,2.530604839324951,nan,48,12;16;14;15;13;14;14;15;15;24
E3,200T-10S,200,10,0.5,CSA,6,15000,0.7214221638726795,303.96462264758793,0.5,15000,2.543081045150757,nan,38,13;14;17;15;17;16;15;16;18;21
E3,200T-10S,200,10,0.5,CSA,4,15000,0.7669527060500337,319.2883608884215,0.47,15000,2.587475061416626,nan,50,10;14;17;14;11;10;17;14;20;23
E3,200T-10S,200,10,0.5,CSA,10,15000,0.7569858436009349,312.9707316377627,0.505,15000,2.4606235027313232,nan,52,10;14;16;12;15;14;12;10;14;31
E3,200T-10S,200,10,0.5,CSA,2,15000,0.7534300422456239,308.24330791727834,0.54,15000,2.6662487983703613,nan,52,10;18;18;14;13;14;11;12;13;25
E3,200T-10S,200,10,0.5,CSA,8,15000,0.7487754841778291,289.9489915795041,0.545,15000,2.614813804626465,nan,46,13;15;13;16;15;15;9;17;16;25
E3,200T-10S,200,10,0.5,CSA,11,15000,0.7589508781484293,317.93228795018047,0.48,15000,2.5459482669830322,nan,52,8;12;15;14;13;16;13;11;13;33
E3,200T-10S,200,10,0.5,CSA,9,15000,0.7806967224300694,353.66272711182376,0.415,15000,2.6887314319610596,nan,52,13;9;16;16;14;14;14;13;16;23
E3,200T-10S,200,10,0.5,CSA,12,15000,0.7610476313613073,304.4526285959056,0.505,15000,2.5374250411987305,nan,34,14;16;19;17;12;19;18;11;19;21
E3,200T-10S,200,10,0.5,CSA,13,15000,0.7540824628573821,321.5953859262967,0.52,15000,2.551837205886841,nan,41,16;16;11;15;14;12;18;11;19;27
E3,200T-10S,200,10,0.5,CSA,15,15000,0.6968499933856119,302.7509171112859,0.545,15000,2.5849180221557617,nan,61,13;14;12;14;12;9;13;12;13;27
E3,200T-10S,200,10,0.5,CSA,14,15000,0.7072514298397526,294.20235888812624,0.575,15000,2.6049766540527344,nan,60,12;13;14;16;15;8;8;11;14;29
E3,200T-10S,200,10,0.5,CSA,16,15000,0.7595497016646641,319.61898289207613,0.475,15000,2.4752678871154785,nan,37,12;16;19;16;17;13;14;15;15;26
E3,200T-10S,200,10,0.5,CSA,17,15000,0.7772734891073152,316.8219739702938,0.435,15000,2.491781234741211,nan,40,10;18;14;15;18;18;9;15;20;23
E3,200T-10S,200,10,0.5,CSA,18,15000,0.7234099470559041,301.4071818643091,0.5,15000,2.6221959590911865,nan,44,10;12;12;14;14;14;20;14;18;28
E3,200T-10S,200,10,0.5,CSA,20,15000,0.7495312121436561,290.29521133404603,0.505,15000,2.4480795860290527,nan,52,9;12;12;15;13;14;12;16;18;27
E3,200T-10S,200,10,0.5,CSA,19,15000,0.7605656325483237,308.05356770706345,0.5,15000,2.6604163646698,nan,53,11;10;10;14;15;14;12;11;20;30
E3,200T-10S,200,10,0.5,CSA,23,15000,0.7566580747773233,313.6176679361453,0.525,15000,2.5044121742248535,nan,44,12;15;9;16;15;12;17;15;17;28
E3,200T-10S,200,10,0.5,CSA,22,15000,0.7383422787761798,310.5272215368128,0.47,15000,2.540083169937134,nan,48,12;14;16;17;14;13;14;14;15;23
E3,200T-10S,200,10,0.5,CSA,24,15000,0.735905569387153,298.99153071376276,0.51,15000,2.543323040008545,nan,52,14;16;16;15;9;12;14;14;12;26
E3,200T-10S,200,10,0.5,CSA,21,15000,0.8144748199713243,338.36723834096296,0.5,15000,2.661628007888794,nan,46,21;15;11;15;13;12;10;12;16;29
E3,200T-10S,200,10,0.5,CSA,25,15000,0.7644639634887911,324.8797696563232,0.485,15000,2.619438648223877,nan,46,11;13;16;14;15;15;16;10;18;26
E3,200T-10S,200,10,0.5,CSA,26,15000,0.8128045731525363,345.3119877716265,0.465,15000,2.586472988128662,nan,52,13;14;12;11;14;13;13;13;16;29
E3,200T-10S,200,10,0.5,CSA,28,15000,0.6830067070312826,289.9660290581538,0.55,15000,2.68695330619812,nan,53,13;11;12;17;13;12;13;18;14;24
E3,200T-10S,200,10,0.5,CSA,27,15000,0.8007925262510992,310.6796877262891,0.445,15000,2.6909687519073486,nan,41,12;16;16;16;13;16;11;16;21;22
E3,200T-10S,200,10,0.5,CSA,29,15000,0.7379119589776604,308.51392664846605,0.515,15000,2.6529247760772705,nan,43,11;13;11;14;18;18;17;18;16;21
E3,200T-10S,200,10,0.5,CSA,30,15000,0.7180425580072219,307.47921944586886,0.485,15000,2.6573486328125,nan,39,14;20;15;14;17;13;15;16;14;23
E3,200T-10S,200,10,0.5,GA-PSO,2,15000,0.5702438417961293,240.11673086039627,0.675,15050,2.803426504135132,nan,60,11;17;15;16;15;12;12;11;16;15
E3,200T-10S,200,10,0.5,GA-PSO,1,15000,0.599695005639693,253.91392901593574,0.605,15050,3.1132583618164062,nan,58,13;14;19;17;16;14;11;12;12;14
E3,200T-10S,200,10,0.5,GA-PSO,3,15000,0.5554813997237419,238.03618283477374,0.625,15050,2.9861598014831543,nan,74,11;15;13;16;8;13;14;10;12;14
E3,200T-10S,200,10,0.5,GA-PSO,4,15000,0.5952927973023573,256.2134848128751,0.615,15050,3.1034293174743652,nan,64,10;11;15;16;14;12;15;13;12;18
E3,200T-10S,200,10,0.5,GA-PSO,5,15000,0.5711801095568103,259.2206395903831,0.66,15050,3.0375277996063232,nan,65,10;11;16;14;14;14;13;15;15;13
E3,200T-10S,200,10,0.5,GA-PSO,6,15000,0.5132496834323297,230.99302108234366,0.69,15050,3.0946452617645264,nan,68,14;13;12;12;17;13;11;13;13;14
E3,200T-10S,200,10,0.5,GA-PSO,7,15000,0.6390535237478274,260.6139055970301,0.555,15050,2.880067825317383,nan,60,13;16;15;12;19;13;12;15;12;13
E3,200T-10S,200,10,0.5,GA-PSO,8,15000,0.5951209271056199,240.63667937177036,0.675,15050,2.8719027042388916,nan,62,11;13;13;13;14;16;13;15;14;16
E3,200T-10S,200,10,0.5,GA-PSO,9,15000,0.6343216265309833,291.090303810494,0.535,15050,2.9737088680267334,nan,59,11;14;16;14;15;15;11;22;9;14
E3,200T-10S,200,10,0.5,GA-PSO,10,15000,0.5888947093589649,249.64314734015468,0.635,15050,2.9916305541992188,nan,70,12;11;11;15;12;15;16;11;11;16
E3,200T-10S,200,10,0.5,GA-PSO,12,15000,0.580877513834722,242.10336092265646,0.655,15050,2.981264591217041,nan,59,14;11;15;14;14;16;15;12;16;14
E3,200T-10S,200,10,0.5,GA-PSO,14,15000,0.5273263200057005,227.3491260997988,0.71,15050,2.9109156131744385,nan,74,10;12;10;14;12;13;15;12;16;12
E3,200T-10S,200,10,0.5,GA-PSO,13,15000,0.5684087040910613,258.61674214383453,0.69,15050,2.982386827468872,nan,66,14;15;13;10;15;12;16;13;11;15
E3,200T-10S,200,10,0.5,GA-PSO,11,15000,0.5879573420949546,248.80003534589633,0.605,15050,3.1269149780273438,nan,58,12;12;14;14;15;13;17;17;13;15
E3,200T-10S,200,10,0.5,GA-PSO,15,15000,0.5855349810886292,250.29923948315604,0.605,15050,2.923353672027588,nan,61,16;15;13;16;11;11;18;15;11;13
E3,200T-10S,200,10,0.5,GA-PSO,16,15000,0.5878261394024002,254.20745282267802,0.615,15050,3.085275650024414,nan,60,15;19;14;17;13;11;11;12;14;14
E3,200T-10S,200,10,0.5,GA-PSO,17,15000,0.5650413650602912,248.1572335152191,0.645,15050,3.064262628555298,nan,70,11;12;11;16;12;16;15;11;16;10
E3,200T-10S,200,10,0.5,GA-PSO,18,15000,0.5812151202678439,244.30093570678156,0.605,15050,3.0932865142822266,nan,58,14;18;13;15;13;14;13;13;12;17
E3,200T-10S,200,10,0.5,GA-PSO,20,15000,0.5673409760298105,225.4221765216887,0.645,15050,2.841118812561035,nan,83,11;7;12;14;15;11;10;11;14;12
E3,200T-10S,200,10,0.5,GA-PSO,19,15000,0.5823118289980458,242.73783105029509,0.64,15050,3.0537872314453125,nan,63,9;10;12;14;15;18;16;14;16;13
E3,200T-10S,200,10,0.5,GA-PSO,21,15000,0.6056977216187291,247.68610929360844,0.615,15050,3.007634162902832,nan,81,14;14;11;11;11;13;14;8;11;12
E3,200T-10S,200,10,0.5,GA-PSO,22,15000,0.5850697837266199,259.178036179156,0.62,15050,3.19317364692688,nan,56,11;16;14;18;16;16;16;14;14;9
E3,200T-10S,200,10,0.5,GA-PSO,23,15000,0.5581753827284883,242.04358024216123,0.685,15050,3.150865077972412,nan,67,14;16;13;14;14;15;12;14;15;6
E3,200T-10S,200,10,0.5,GA-PSO,24,15000,0.5972005225821442,255.62330010812343,0.645,15050,3.0018298625946045,nan,52,12;13;17;13;14;14;17;15;16;17
E3,200T-10S,200,10,0.5,CEO,1,15000,0.5258011956881481,224.6245683783535,0.66,15035,2.129929304122925,nan,90,10;14;13;11;13;9;11;9;10;10
E3,200T-10S,200,10,0.5,CEO,2,15000,0.48772571471032855,209.1892717694052,0.735,15035,2.2390005588531494,nan,91,10;13;13;11;11;9;11;8;13;10
E3,200T-10S,200,10,0.5,CEO,3,15000,0.512876969310681,223.41405156749025,0.665,15035,2.3166136741638184,nan,86,9;13;16;12;8;11;11;13;8;13
E3,200T-10S,200,10,0.5,CEO,4,15000,0.5206764677989719,229.42360271503426,0.68,15035,2.2834835052490234,nan,90,10;13;11;13;7;9;11;10;12;14
E3,200T-10S,200,10,0.5,GA-PSO,26,15000,0.613412852568611,266.54141731988625,0.615,15050,2.9031784534454346,nan,64,13;15;15;13;12;14;11;14;16;13
E3,200T-10S,200,10,0.5,GA-PSO,25,15000,0.580520003312015,256.666855614944,0.64,15050,3.0286471843719482,nan,59,11;11;16;15;17;14;16;14;12;15
E3,200T-10S,200,10,0.5,CEO,6,15000,0.46979956878472673,222.32062649266203,0.75,15035,2.25144362449646,nan,82,12;12;15;10;14;10;8;13;11;13
E3,200T-10S,200,10,0.5,CEO,5,15000,0.5069040629374906,228.9965172240857,0.695,15035,2.367436647415161,nan,84,8;13;17;12;8;13;12;13;12;8
E3,200T-10S,200,10,0.5,GA-PSO,27,15000,0.6022658848749333,247.73148537109583,0.63,15050,3.0111196041107178,nan,63,12;14;11;18;14;13;13;17;12;13
E3,200T-10S,200,10,0.5,CEO,7,15000,0.5627372610941547,236.3287723929287,0.63,15035,2.2626218795776367,nan,89,11;9;14;9;13;13;12;12;9;9
E3,200T-10S,200,10,0.5,CEO,8,15000,0.49953205865870853,208.32591598580103,0.75,15035,2.1816964149475098,nan,91,13;9;10;10;9;15;12;13;8;10
E3,200T-10S,200,10,0.5,GA-PSO,29,15000,0.5900061938034145,249.10073182057266,0.62,15050,3.005643606185913,nan,68,9;15;11;12;13;12;15;16;14;15
E3,200T-10S,200,10,0.5,GA-PSO,30,15000,0.596562757791155,258.0869302215559,0.58,15050,3.0246896743774414,nan,58,11;15;15;12;16;13;16;17;12;15
E3,200T-10S,200,10,0.5,CEO,9,15000,0.5768637045318958,258.5215859781954,0.56,15035,2.130741834640503,nan,80,14;11;11;15;13;12;11;16;7;10
E3,200T-10S,200,10,0.5,GA-PSO,28,15000,0.543344678920866,242.69717582905236,0.68,15050,3.1313092708587646,nan,60,16;11;14;17;14;15;12;15;11;15
E3,200T-10S,200,10,0.5,CEO,10,15000,0.5245219162112893,223.92121831751155,0.68,15035,2.3719170093536377,nan,95,13;10;10;11;11;11;10;8;9;12
E3,200T-10S,200,10,0.5,CEO,11,15000,0.5255682763152378,223.3826596022106,0.65,15035,2.3398783206939697,nan,83,9;13;13;16;12;11;12;13;7;11
E3,200T-10S,200,10,0.5,CEO,12,15000,0.5408676213033377,227.27644505918136,0.685,15035,2.248098373413086,nan,89,10;8;13;10;13;10;13;12;12;10
E3,200T-10S,200,10,0.5,CEO,13,15000,0.5095290030466495,231.16684760109274,0.72,15035,2.199464797973633,nan,90,14;12;10;9;11;10;12;12;10;10
E3,200T-10S,200,10,0.5,CEO,14,15000,0.484094237463497,215.0208593769413,0.755,15035,2.165480613708496,nan,95,7;13;9;9;10;11;12;14;11;9
E3,200T-10S,200,10,0.5,CEO,15,15000,0.508838503385709,218.56539703486806,0.66,15035,2.2148349285125732,nan,92,14;10;11;13;10;7;10;14;9;10
E3,200T-10S,200,10,0.5,CEO,17,15000,0.5003745351762066,221.15623492887875,0.69,15035,2.238813638687134,nan,92,10;15;8;13;10;11;11;10;13;7
E3,200T-10S,200,10,0.5,CEO,18,15000,0.4947059782353608,211.50647197231794,0.675,15035,2.249488592147827,nan,86,9;10;11;12;13;7;13;12;13;14
E3,200T-10S,200,10,0.5,CEO,16,15000,0.5238242029415674,230.73553086773126,0.67,15035,2.341104030609131,nan,90,8;13;11;11;15;9;8;11;10;14
E3,200T-10S,200,10,0.5,CEO,20,15000,0.5273170274549348,212.39789784447038,0.68,15035,2.301504611968994,nan,88,9;11;15;11;11;9;11;12;11;12
E3,200T-10S,200,10,0.5,CEO,26,15000,0.5398150373761754,235.76704095909258,0.665,15035,1.9875733852386475,nan,97,9;11;11;11;10;9;11;10;10;11
E3,200T-10S,200,10,0.5,CEO,19,15000,0.5467868656345116,227.33715476410856,0.66,15035,2.3421998023986816,nan,81,10;11;9;14;12;14;11;15;13;10
E3,200T-10S,200,10,0.5,CEO,27,15000,0.5149205483878516,219.62247632317286,0.71,15035,2.0343899726867676,nan,91,12;11;11;14;10;12;11;11;9;8
E3,200T-10S,200,10,0.5,CEO,21,15000,0.5579335729664456,234.0404304428714,0.665,15035,2.1955454349517822,nan,89,14;14;11;10;16;9;11;8;9;9
E3,200T-10S,200,10,0.5,CEO,25,15000,0.5296305014508946,228.86138543292955,0.655,15035,2.1363484859466553,nan,93,12;12;9;11;11;12;9;9;8;14
E3,200T-10S,200,10,0.5,CEO,23,15000,0.5089644360834555,221.3771246365058,0.715,15035,2.251922130584717,nan,91,10;10;10;12;11;8;12;11;13;12
E3,200T-10S,200,10,0.5,CEO,22,15000,0.5069228925760239,224.31202656559734,0.67,15035,2.2539291381835938,nan,93,10;12;9;13;11;8;10;9;14;11
E3,200T-10S,200,10,0.5,CEO,24,15000,0.511093947241493,219.92830953617226,0.7,15035,2.2115256786346436,nan,86,9;10;16;12;8;10;13;13;11;12
E3,200T-10S,200,10,0.5,CEO,28,15000,0.45705979928323287,210.22849650415736,0.75,15035,2.401442766189575,nan,87,15;9;12;13;10;14;10;13;8;9
E3,200T-10S,200,10,0.5,CEO,30,15000,0.5170966829074792,228.39935030230833,0.65,15035,2.1377291679382324,nan,84,13;14;14;8;13;10;8;14;8;14
E3,200T-10S,200,10,0.5,CEO,29,15000,0.5193191489976413,223.76319256807918,0.68,15035,2.280853509902954,nan,87,13;10;10;11;12;8;14;11;13;11
E3,200T-15S,200,15,0.5,Random,1,15000,0.6763020998080929,259.0721894318782,0.515,15000,2.1974143981933594,nan,18,10;11;15;10;12;12;12;13;17;14;10;14;9;12;11
E3,200T-15S,200,15,0.5,Random,2,15000,0.6702324104303143,284.32453182083043,0.52,15000,2.2179479598999023,nan,11,15;13;13;11;17;8;13;12;12;13;13;13;13;10;13
E3,200T-15S,200,15,0.5,Random,9,15000,0.7198888065607452,299.3378578085694,0.48,15000,1.7444720268249512,nan,17,8;11;8;14;8;15;12;16;15;15;9;14;9;14;15
E3,200T-15S,200,15,0.5,Random,3,15000,0.633590556369642,266.13494793936485,0.57,15000,2.2402288913726807,nan,22,13;8;15;13;12;11;9;12;13;13;12;12;12;12;11
E3,200T-15S,200,15,0.5,Random,4,15000,0.7005692663961014,289.23887746474446,0.56,15000,2.075725793838501,nan,19,9;10;11;13;14;13;14;12;7;17;13;12;12;15;9
E3,200T-15S,200,15,0.5,Random,6,15000,0.6027211449263536,261.31684332563816,0.625,15000,2.0422146320343018,nan,21,11;14;11;11;16;10;14;10;10;11;12;8;12;13;16
E3,200T-15S,200,15,0.5,Random,8,15000,0.6710619356769916,270.6174982418794,0.555,15000,1.9928264617919922,nan,22,7;10;16;11;10;10;13;11;14;14;11;13;13;17;8
E3,200T-15S,200,15,0.5,Random,5,15000,0.6776755056476105,289.1602705414043,0.485,15000,2.2303860187530518,nan,13,15;11;18;9;13;14;12;10;13;13;7;13;9;14;16
E3,200T-15S,200,15,0.5,Random,10,15000,0.6956117495063526,289.1343771240242,0.52,15000,2.0893921852111816,nan,16,11;14;14;11;10;15;16;12;11;12;14;11;10;9;14
E3,200T-15S,200,15,0.5,Random,12,15000,0.6569910269239057,250.51647452825483,0.575,15000,2.0768702030181885,nan,20,18;12;17;8;11;10;6;13;10;8;14;14;14;11;14
E3,200T-15S,200,15,0.5,Random,7,15000,0.738592929869633,290.62062912529973,0.515,15000,2.250981092453003,nan,12,11;14;11;9;8;17;16;18;10;13;12;8;14;13;14
E3,200T-15S,200,15,0.5,Random,13,15000,0.6694728801828399,289.63661414959813,0.535,15000,2.1030800342559814,nan,13,12;14;12;12;17;12;12;10;10;12;12;8;12;18;14
E3,200T-15S,200,15,0.5,Random,15,15000,0.6843071479378617,282.4725739025857,0.485,15000,2.0916061401367188,nan,16,11;14;10;17;12;14;15;13;10;11;13;11;12;13;8
E3,200T-15S,200,15,0.5,Random,11,15000,0.6611683732680271,264.9167588158826,0.52,15000,2.2256083488464355,nan,20,11;14;14;12;9;13;9;11;9;13;12;13;12;17;11
E3,200T-15S,200,15,0.5,Random,14,15000,0.6702426355273173,275.69850453583246,0.53,15000,2.250178098678589,nan,18,11;16;14;12;10;16;11;13;10;11;13;10;12;10;13
E3,200T-15S,200,15,0.5,Random,17,15000,0.6935754733160783,270.5431415048549,0.54,15000,1.9804654121398926,nan,16,11;7;12;15;14;16;13;12;13;14;13;18;8;12;6
E3,200T-15S,200,15,0.5,Random,16,15000,0.6808449951373143,278.52440835926393,0.56,15000,2.1451668739318848,nan,18,16;7;8;11;16;10;7;18;9;17;12;14;16;14;7
E3,200T-15S,200,15,0.5,Random,18,15000,0.6476050496329082,260.77678133462655,0.55,15000,2.141840696334839,nan,11,10;15;12;8;14;18;15;7;14;8;16;11;13;13;15
E3,200T-15S,200,15,0.5,Random,19,15000,0.7059543913840521,288.2140929148172,0.505,15000,2.183980703353882,nan,17,10;13;13;8;11;13;10;14;15;15;14;14;12;12;9
E3,200T-15S,200,15,0.5,Random,20,15000,0.6426562251584389,258.41630291370785,0.555,15000,2.108131170272827,nan,20,9;12;13;18;13;12;8;10;10;10;13;15;12;12;13
E3,200T-15S,200,15,0.5,Random,25,15000,0.7065113622117698,281.00377100247243,0.52,15000,1.8753416538238525,nan,20,19;15;11;12;10;10;16;9;13;10;13;9;11;9;13
E3,200T-15S,200,15,0.5,Random,22,15000,0.7084762061988796,302.85672274474877,0.48,15000,2.000412702560425,nan,18,13;13;12;13;11;12;14;11;11;12;10;14;11;13;12
E3,200T-15S,200,15,0.5,Random,21,15000,0.6774472105946282,267.2300661032655,0.555,15000,2.1979610919952393,nan,18,15;11;16;12;16;13;13;8;11;12;10;11;13;14;7
E3,200T-15S,200,15,0.5,Random,24,15000,0.66377284619718,268.33073146929286,0.61,15000,2.1158714294433594,nan,16,12;16;10;14;12;10;9;10;13;14;14;12;12;10;16
E3,200T-15S,200,15,0.5,Random,23,15000,0.7305594156071011,291.7091359364606,0.55,15000,2.181572675704956,nan,19,12;13;12;14;10;8;14;8;14;15;15;13;13;8;12
E3,200T-15S,200,15,0.5,Random,26,15000,0.6986866873153166,297.91320427531946,0.47,15000,2.1077017784118652,nan,24,9;11;14;13;9;15;12;16;12;11;9;13;12;8;12
E3,200T-15S,200,15,0.5,Random,28,15000,0.6744151546792436,265.83924592181154,0.515,15000,2.1195809841156006,nan,23,12;12;14;16;10;7;12;13;10;11;16;15;10;10;9
E3,200T-15S,200,15,0.5,Random,27,15000,0.7406636454451485,296.03415113679375,0.455,15000,2.206643581390381,nan,25,15;14;9;13;6;12;13;10;8;11;16;8;17;11;12
E3,200T-15S,200,15,0.5,Random,29,15000,0.6787291825410909,279.46468052532475,0.47,15000,2.153944969177246,nan,15,9;17;10;12;12;10;11;11;10;14;15;16;12;14;12
E3,200T-15S,200,15,0.5,Random,30,15000,0.6907716116351414,281.15854015345326,0.515,15000,2.2034881114959717,nan,19,12;14;10;8;11;13;13;12;12;15;15;14;11;10;11
E3,200T-15S,200,15,0.5,GA,2,15000,0.5066119776065521,229.06291080652437,0.68,15000,5.7083799839019775,nan,35,8;12;11;14;15;10;8;11;13;9;9;8;11;11;15
E3,200T-15S,200,15,0.5,GA,1,15000,0.4946138911656408,208.7939092045658,0.71,15000,6.071536540985107,nan,48,9;13;15;10;10;8;9;10;9;9;9;10;10;11;10
E3,200T-15S,200,15,0.5,GA,3,15000,0.4667673336419863,223.64952959643207,0.77,15000,6.0198893547058105,nan,39,15;12;13;10;8;8;11;11;7;12;8;9;14;13;10
E3,200T-15S,200,15,0.5,GA,5,15000,0.516571301449826,238.5066476796616,0.66,15000,5.677725791931152,nan,42,13;8;14;12;9;11;11;13;12;7;10;9;7;12;10
E3,200T-15S,200,15,0.5,GA,4,15000,0.5168892770298112,225.33262485763137,0.715,15000,6.025142431259155,nan,43,7;12;11;10;11;9;8;10;12;15;12;10;9;10;11
E3,200T-15S,200,15,0.5,GA,6,15000,0.4719281551252469,215.19035635176195,0.74,15000,5.872556447982788,nan,40,14;11;10;9;14;9;8;11;6;11;9;9;12;15;12
E3,200T-15S,200,15,0.5,GA,11,15000,0.4841810933998035,213.34639925092483,0.71,15000,5.715251684188843,nan,51,11;10;12;13;10;10;11;10;10;9;6;11;6;13;7
E3,200T-15S,200,15,0.5,GA,7,15000,0.5578961175389525,233.0950776421516,0.68,15000,6.029798269271851,nan,42,8;11;14;11;13;13;12;9;10;9;10;13;11;6;8
E3,200T-15S,200,15,0.5,GA,9,15000,0.5391037037287616,245.1282664607544,0.675,15000,5.926894426345825,nan,44,12;8;7;12;7;9;12;13;13;11;7;12;10;12;11
E3,200T-15S,200,15,0.5,GA,10,15000,0.5319280638251411,232.85509493193422,0.67,15000,5.9153687953948975,nan,46,11;11;11;10;11;10;10;9;9;10;12;13;7;10;10
E3,200T-15S,200,15,0.5,GA,15,15000,0.5221607944181381,241.34242760069648,0.685,15000,5.533391952514648,nan,37,10;9;13;14;12;10;11;10;12;11;8;9;13;12;9
E3,200T-15S,200,15,0.5,GA,8,15000,0.5000767594131144,223.26737697591028,0.74,15000,6.108128070831299,nan,38,9;13;13;12;8;11;10;11;10;11;9;13;12;7;13
E3,200T-15S,200,15,0.5,GA,17,15000,0.5119243409967924,219.97344810645433,0.73,15000,5.645877838134766,nan,47,11;9;12;9;13;11;6;11;12;8;13;8;11;11;8
E3,200T-15S,200,15,0.5,GA,13,15000,0.5111018553270785,236.03326509912637,0.69,15000,5.96854305267334,nan,43,12;16;7;11;8;9;12;12;12;11;8;11;9;10;9
E3,200T-15S,200,15,0.5,GA,12,15000,0.4803990579368113,198.89496638546788,0.745,15000,5.975564956665039,nan,55,12;12;12;7;10;7;13;7;12;7;10;8;11;9;8
E3,200T-15S,200,15,0.5,GA,18,15000,0.4969443138635303,212.5461576864007,0.695,15000,5.600207567214966,nan,37,13;11;9;14;8;7;9;14;10;9;10;12;11;15;11
E3,200T-15S,200,15,0.5,GA,16,15000,0.502752569433658,219.23954008051595,0.72,15000,5.839374303817749,nan,47,9;9;13;12;11;8;6;9;12;12;11;10;10;9;12
E3,200T-15S,200,15,0.5,GA,14,15000,0.5245955928263587,227.78091824526885,0.67,15000,6.149043083190918,nan,41,13;10;8;14;9;8;15;8;13;11;10;9;11;10;10
E3,200T-15S,200,15,0.5,PSO,1,15000,0.5287410824919319,217.23084943386482,0.67,15000,2.688418388366699,nan,94,5;7;4;7;8;4;6;7;7;6;6;6;5;10;18
E3,200T-15S,200,15,0.5,PSO,4,15000,0.5380793384165086,230.56288774863427,0.69,15000,2.778663158416748,nan,84,6;8;8;6;3;3;7;9;4;11;8;8;5;10;20
E3,200T-15S,200,15,0.5,PSO,3,15000,0.4990405026318365,226.6842542486954,0.715,15000,2.9085679054260254,nan,84,7;7;9;6;4;6;6;4;5;8;10;8;7;8;21
E3,200T-15S,200,15,0.5,PSO,2,15000,0.5580782306773184,251.50993889628222,0.645,15000,3.0323715209960938,nan,65,9;8;8;8;5;6;8;7;8;10;7;9;9;11;22
E3,200T-15S,200,15,0.5,PSO,6,15000,0.5062619509506893,236.79811706944628,0.74,15000,2.8882737159729004,nan,56,11;8;6;6;6;9;6;9;10;10;8;10;11;12;22
E3,200T-15S,200,15,0.5,PSO,5,15000,0.5587805333680693,260.6726951770166,0.64,15000,3.094133138656616,nan,71,7;5;7;5;5;8;10;7;8;5;9;6;10;15;22
E3,200T-15S,200,15,0.5,GA,19,15000,0.5273213218485788,232.49361075016327,0.685,15000,6.153308391571045,nan,48,11;10;9;9;11;11;13;10;12;14;7;9;8;9;9
E3,200T-15S,200,15,0.5,GA,20,15000,0.49035055322346305,215.48245454090022,0.72,15000,5.994070768356323,nan,39,12;10;13;12;12;10;12;8;10;12;11;8;12;11;8
E3,200T-15S,200,15,0.5,GA,21,15000,0.5069933447628425,214.09864341813554,0.715,15000,6.144557476043701,nan,51,14;11;8;13;9;13;7;6;8;9;10;16;10;8;7
E3,200T-15S,200,15,0.5,GA,24,15000,0.4789796346661311,205.48388997775942,0.76,15000,5.561456918716431,nan,42,10;12;11;10;12;10;10;8;11;7;13;13;12;10;9
E3,200T-15S,200,15,0.5,GA,22,15000,0.5445201225949172,244.47278669702297,0.635,15000,5.955077648162842,nan,49,7;10;11;11;13;9;8;10;12;6;8;10;14;10;12
E3,200T-15S,200,15,0.5,GA,28,15000,0.513801106741287,223.9157640890063,0.7,15000,5.656374216079712,nan,41,8;11;13;8;11;11;10;11;10;11;12;11;8;11;13
E3,200T-15S,200,15,0.5,GA,23,15000,0.557522334215879,227.92894412092375,0.675,15000,6.141433000564575,nan,53,12;11;9;7;9;8;9;9;10;10;10;7;9;14;13
E3,200T-15S,200,15,0.5,GA,27,15000,0.5705604409216374,248.54410440830304,0.645,15000,5.703920364379883,nan,50,13;13;8;7;8;9;11;11;8;7;13;14;12;9;7
E3,200T-15S,200,15,0.5,GA,30,15000,0.5236050291053498,226.48715687123675,0.675,15000,5.648361921310425,nan,47,8;8;11;6;10;13;9;13;12;11;9;12;11;13;7
E3,200T-15S,200,15,0.5,GA,26,15000,0.5156867482895631,242.61523115193955,0.675,15000,5.833889961242676,nan,52,10;9;9;8;9;10;10;10;9;14;7;12;13;7;11
E3,200T-15S,200,15,0.5,PSO,8,15000,0.5376640344790411,230.86128233678866,0.69,15000,2.8399298191070557,nan,79,8;8;6;8;4;5;8;5;7;8;9;6;7;11;21
E3,200T-15S,200,15,0.5,PSO,7,15000,0.5519338286437135,228.13770862014061,0.675,15000,2.9520225524902344,nan,94,6;5;7;5;7;3;5;7;7;5;7;7;6;10;19
E3,200T-15S,200,15,0.5,GA,25,15000,0.5291643018722181,223.87251165317838,0.685,15000,6.060581207275391,nan,48,11;14;14;14;9;8;4;9;6;13;11;10;13;7;9
E3,200T-15S,200,15,0.5,PSO,9,15000,0.5714933393223458,248.31089022364588,0.62,15000,2.8158671855926514,nan,88,6;3;7;5;7;6;5;8;5;4;6;8;7;11;24
E3,200T-15S,200,15,0.5,GA,29,15000,0.5332713287035746,236.93807797532426,0.635,15000,5.97415566444397,nan,38,14;10;6;10;10;14;12;7;11;12;16;9;9;11;11
E3,200T-15S,200,15,0.5,PSO,10,15000,0.5374838164482003,236.38081409054644,0.67,15000,2.92969012260437,nan,80,7;9;5;6;6;9;3;4;5;9;8;7;8;11;23
E3,200T-15S,200,15,0.5,PSO,11,15000,0.515478720501234,222.02516737090193,0.675,15000,2.851090431213379,nan,83,5;6;7;9;5;5;8;5;4;6;6;10;8;11;22
E3,200T-15S,200,15,0.5,PSO,12,15000,0.5189314847094368,216.38493509177718,0.73,15000,2.9070844650268555,nan,76,9;4;8;5;7;7;9;5;5;5;9;4;7;13;27
E3,200T-15S,200,15,0.5,PSO,13,15000,0.5745116388717754,256.521046963843,0.625,15000,2.90140700340271,nan,75,10;4;8;6;4;5;8;7;8;6;8;7;12;7;25
E3,200T-15S,200,15,0.5,PSO,14,15000,0.578579942679342,238.2227045771773,0.595,15000,2.841207265853882,nan,69,7;4;9;10;9;9;7;8;7;8;7;6;11;8;21
E3,200T-15S,200,15,0.5,PSO,15,15000,0.5024075217674399,233.2328786367301,0.7,15000,3.022423028945923,nan,72,12;7;7;8;10;5;8;8;7;5;8;9;4;13;17
E3,200T-15S,200,15,0.5,PSO,16,15000,0.5481379975405631,239.11475735262223,0.695,15000,2.957458019256592,nan,79,5;7;7;6;5;7;5;6;3;9;10;6;11;11;23
E3,200T-15S,200,15,0.5,PSO,17,15000,0.561394735150115,228.41838559430136,0.66,15000,2.9483578205108643,nan,85,8;9;6;5;6;6;3;6;11;3;6;7;8;11;20
E3,200T-15S,200,15,0.5,PSO,20,15000,0.5493033608810667,231.7522045701604,0.655,15000,2.8390254974365234,nan,55,8;7;7;6;7;7;7;7;8;13;9;13;11;12;23
E3,200T-15S,200,15,0.5,PSO,27,15000,0.5756984923911527,247.05057231743345,0.63,15000,2.5365536212921143,nan,83,10;6;6;8;5;9;8;5;6;5;11;4;8;8;18
E3,200T-15S,200,15,0.5,PSO,23,15000,0.5638879932032412,233.04445308559235,0.68,15000,2.681079387664795,nan,91,11;5;4;8;7;5;5;7;7;6;5;5;8;8;18
E3,200T-15S,200,15,0.5,PSO,18,15000,0.540070529211953,229.90199362839292,0.665,15000,2.9340507984161377,nan,73,7;13;5;6;6;3;9;7;9;10;8;9;9;5;21
E3,200T-15S,200,15,0.5,PSO,21,15000,0.5610097687492215,237.0163827034596,0.685,15000,2.877246379852295,nan,82,6;7;5;7;6;6;5;3;5;9;8;8;10;8;25
E3,200T-15S,200,15,0.5,PSO,19,15000,0.5520469438855593,244.8944130315101,0.675,15000,3.05566668510437,nan,94,7;6;4;7;4;8;5;7;6;5;5;8;7;9;18
E3,200T-15S,200,15,0.5,PSO,22,15000,0.5728820764593445,256.8726444680831,0.615,15000,2.965204954147339,nan,94,5;6;3;5;5;3;8;6;6;5;6;8;5;8;27
E3,200T-15S,200,15,0.5,PSO,24,15000,0.53185570193878,225.73353985569616,0.725,15000,2.894158124923706,nan,83,6;6;6;8;5;5;7;6;6;6;9;4;11;10;22
E3,200T-15S,200,15,0.5,PSO,25,15000,0.5592450667418098,234.4623099424224,0.66,15000,2.981096029281616,nan,74,13;9;7;7;5;6;7;5;7;5;6;9;10;10;20
E3,200T-15S,200,15,0.5,PSO,26,15000,0.5523092649770629,255.75109717412937,0.64,15000,3.0112621784210205,nan,75,6;6;7;6;5;8;6;10;9;6;6;7;10;14;19
E3,200T-15S,200,15,0.5,PSO,28,15000,0.5009582299153351,214.4723843846954,0.695,15000,2.8923442363739014,nan,96,9;4;8;6;3;9;5;5;5;5;4;6;7;8;20
E3,200T-15S,200,15,0.5,PSO,29,15000,0.5478187890256645,240.0097842985499,0.615,15000,2.8669259548187256,nan,75,8;5;5;8;7;7;6;8;8;9;11;9;5;9;20
E3,200T-15S,200,15,0.5,PSO,30,15000,0.5703685350278652,246.4094109768543,0.645,15000,2.920170783996582,nan,67,8;6;7;5;8;8;7;10;5;10;9;11;10;10;19
E3,200T-15S,200,15,0.5,CSA,1,15000,0.6069959340952802,246.04926700519576,0.61,15000,2.5424606800079346,nan,49,8;11;10;12;11;8;10;10;10;6;11;9;8;5;22
E3,200T-15S,200,15,0.5,CSA,2,15000,0.6188800365598195,265.2570755024117,0.565,15000,2.463782548904419,nan,22,10;11;10;12;12;11;16;13;15;9;11;12;11;14;11
E3,200T-15S,200,15,0.5,CSA,3,15000,0.6027695300542999,257.6655962280428,0.605,15000,2.6487784385681152,nan,25,9;9;12;12;11;13;11;8;10;9;18;14;9;8;22
E3,200T-15S,200,15,0.5,CSA,5,15000,0.6328998138935709,280.71227131020225,0.55,15000,2.5431933403015137,nan,33,7;6;9;9;12;10;8;11;12;12;17;9;13;13;19
E3,200T-15S,200,15,0.5,CSA,4,15000,0.6538368998965762,273.14954296301244,0.6,15000,2.697216033935547,nan,19,12;16;11;9;9;8;11;9;13;14;11;11;16;16;15
E3,200T-15S,200,15,0.5,CSA,6,15000,0.562133942420167,248.36041555802873,0.665,15000,2.4505882263183594,nan,36,12;12;10;10;9;8;8;14;10;8;12;11;12;13;15
E3,200T-15S,200,15,0.5,CSA,7,15000,0.664375743296242,261.7882695722318,0.565,15000,2.542398691177368,nan,33,13;11;10;10;17;9;12;8;8;11;13;11;7;11;16
E3,200T-15S,200,15,0.5,CSA,9,15000,0.6397734622272728,282.99048587071127,0.59,15000,2.5843400955200195,nan,29,6;10;14;11;12;13;10;13;4;12;13;11;8;15;19
E3,200T-15S,200,15,0.5,CSA,8,15000,0.6303800489019757,259.64836260858965,0.6,15000,2.667149543762207,nan,25,8;11;13;12;13;9;10;9;10;8;10;16;17;10;19
E3,200T-15S,200,15,0.5,CSA,11,15000,0.6342841343089344,262.15905323152225,0.565,15000,2.507664442062378,nan,34,12;9;12;12;11;8;11;11;10;13;7;10;8;14;18
E3,200T-15S,200,15,0.5,CSA,10,15000,0.6299005253048352,261.7122344602119,0.565,15000,2.595655918121338,nan,35,14;11;6;9;10;9;14;8;9;10;8;15;16;12;14
E3,200T-15S,200,15,0.5,CSA,13,15000,0.6075782724522765,268.49606604774647,0.595,15000,2.5328457355499268,nan,17,10;8;10;10;15;13;17;15;12;10;11;13;15;13;11
E3,200T-15S,200,15,0.5,CSA,12,15000,0.5913963623821201,237.50025239783315,0.66,15000,2.5945355892181396,nan,29,12;9;11;11;10;13;11;9;14;13;8;13;8;12;17
E3,200T-15S,200,15,0.5,CSA,14,15000,0.6336575805706022,263.60933706680515,0.565,15000,2.4710118770599365,nan,26,7;12;13;11;10;14;11;8;10;9;12;12;11;11;23
E3,200T-15S,200,15,0.5,CSA,15,15000,0.6244657846716379,275.9592921406661,0.585,15000,2.569417953491211,nan,26,13;14;9;14;14;12;10;9;8;12;8;13;13;12;13
E3,200T-15S,200,15,0.5,CSA,16,15000,0.6330528568470251,266.26029380603296,0.615,15000,2.644449234008789,nan,16,12;13;13;14;16;8;11;10;10;11;16;11;14;13;12
E3,200T-15S,200,15,0.5,CSA,17,15000,0.6233267692329749,254.348968155626,0.625,15000,2.6699769496917725,nan,26,11;11;13;10;12;13;8;9;14;17;12;10;7;12;15
E3,200T-15S,200,15,0.5,CSA,18,15000,0.6122294085714921,246.66091581871723,0.575,15000,2.5054848194122314,nan,24,8;13;13;12;10;12;10;8;14;13;11;12;10;9;21
E3,200T-15S,200,15,0.5,CSA,19,15000,0.6512291312790519,274.24185641464925,0.57,15000,2.53000807762146,nan,36,8;7;10;10;10;12;8;13;14;14;8;7;10;11;22
E3,200T-15S,200,15,0.5,CSA,20,15000,0.5931054363151607,246.39162668756993,0.615,15000,2.6679859161376953,nan,25,11;9;13;14;7;13;8;11;13;9;11;10;12;16;18
E3,200T-15S,200,15,0.5,CSA,21,15000,0.6384314950463283,257.5289498969558,0.6,15000,2.4897899627685547,nan,18,11;13;14;9;12;14;9;12;9;10;13;15;13;15;13
E3,200T-15S,200,15,0.5,CSA,24,15000,0.6040177233739159,248.43651702166497,0.66,15000,2.4155771732330322,nan,38,9;9;13;11;11;10;10;11;10;12;9;10;10;12;15
E3,200T-15S,200,15,0.5,CSA,22,15000,0.6592881066251235,286.52245915377716,0.53,15000,2.6914241313934326,nan,37,9;9;8;8;8;9;9;11;9;8;11;17;10;14;23
E3,200T-15S,200,15,0.5,CSA,23,15000,0.6254971536501521,249.84051657420775,0.615,15000,2.555546760559082,nan,48,8;10;7;11;8;9;11;9;11;9;8;9;13;12;17
E3,200T-15S,200,15,0.5,CSA,25,15000,0.6717551828612848,273.62124424205126,0.565,15000,2.5888524055480957,nan,20,11;11;12;16;9;10;12;8;11;14;10;8;16;17;15
E3,200T-15S,200,15,0.5,CSA,26,15000,0.6528929072453331,295.65060179401826,0.555,15000,2.5074548721313477,nan,35,6;7;12;11;10;8;8;12;10;9;11;13;12;13;23
E3,200T-15S,200,15,0.5,CSA,27,15000,0.6783646744310703,280.35300544202676,0.53,15000,2.5326786041259766,nan,44,8;8;9;11;13;11;7;11;12;2;10;9;10;12;23
E3,200T-15S,200,15,0.5,CSA,29,15000,0.6387700183111095,272.7374909354181,0.53,15000,2.6809823513031006,nan,46,12;7;8;6;7;10;11;9;11;10;8;12;7;19;17
E3,200T-15S,200,15,0.5,CSA,28,15000,0.6343787270806356,258.12320627082426,0.57,15000,2.740946054458618,nan,24,12;10;12;14;6;14;7;15;12;11;11;14;10;10;18
E3,200T-15S,200,15,0.5,CSA,30,15000,0.6548367557506707,277.4361643143669,0.575,15000,2.67415452003479,nan,39,12;10;8;10;12;6;9;8;10;16;14;13;11;7;15
E3,200T-15S,200,15,0.5,GA-PSO,1,15000,0.4977698263072942,215.15777062619912,0.725,15050,3.0680763721466064,nan,31,12;9;11;13;15;11;10;11;9;11;9;16;9;12;11
E3,200T-15S,200,15,0.5,GA-PSO,2,15000,0.5169372997871369,235.88653060764005,0.68,15050,3.1554782390594482,nan,27,12;11;13;12;13;9;12;11;14;12;11;10;10;12;11
E3,200T-15S,200,15,0.5,GA-PSO,3,15000,0.48752649254222397,217.7743116117495,0.71,15050,3.0097968578338623,nan,31,8;11;12;11;9;11;11;10;10;14;11;15;13;11;12
E3,200T-15S,200,15,0.5,GA-PSO,4,15000,0.5400537953619042,231.75124861650968,0.69,15050,3.0329227447509766,nan,35,10;11;11;14;11;10;13;13;8;12;11;8;10;12;11
E3,200T-15S,200,15,0.5,GA-PSO,5,15000,0.538279297159292,248.28443774114578,0.645,15050,3.116626262664795,nan,23,12;13;11;11;14;13;8;13;12;11;12;14;9;13;11
E3,200T-15S,200,15,0.5,GA-PSO,6,15000,0.4778292031783904,228.3443008610515,0.77,15050,3.1631102561950684,nan,26,11;12;10;14;11;14;9;13;11;12;12;10;16;8;11
E3,200T-15S,200,15,0.5,GA-PSO,7,15000,0.5624245821390812,235.74793792662874,0.68,15050,3.117387056350708,nan,33,9;8;11;9;11;12;11;13;13;12;15;13;7;12;11
E3,200T-15S,200,15,0.5,GA-PSO,8,15000,0.49101145994128315,219.3065305978193,0.745,15050,3.1025278568267822,nan,41,12;10;13;8;10;13;13;13;11;9;11;9;6;11;10
E3,200T-15S,200,15,0.5,GA-PSO,9,15000,0.5543378052906005,258.29847745479356,0.685,15050,3.0360209941864014,nan,31,10;12;12;10;9;15;12;10;15;11;11;12;12;10;8
E3,200T-15S,200,15,0.5,GA-PSO,10,15000,0.5626583543513166,241.25112908733146,0.635,15050,3.0725293159484863,nan,25,12;12;11;14;12;12;9;10;9;12;13;9;13;11;16
E3,200T-15S,200,15,0.5,GA-PSO,13,15000,0.5113256628417802,237.83867321924436,0.695,15050,2.7984697818756104,nan,34,13;10;8;7;13;12;10;12;13;12;15;13;11;9;8
E3,200T-15S,200,15,0.5,GA-PSO,11,15000,0.5095662204046633,226.1687337777884,0.7,15050,3.1137590408325195,nan,31,7;11;14;13;13;13;12;13;12;11;11;12;9;9;9
E3,200T-15S,200,15,0.5,GA-PSO,12,15000,0.5034834903263925,213.3144291345812,0.75,15050,3.118403673171997,nan,33,11;9;11;11;11;11;14;9;13;12;11;11;8;13;12
E3,200T-15S,200,15,0.5,GA-PSO,15,15000,0.5416464552142914,244.31115986505816,0.655,15050,2.98994517326355,nan,24,10;14;12;12;11;9;15;13;11;14;11;13;9;11;11
E3,200T-15S,200,15,0.5,GA-PSO,14,15000,0.5406469521983788,236.36484180497968,0.665,15050,3.1589295864105225,nan,31,10;9;10;10;14;14;10;12;13;13;11;9;15;12;7
E3,200T-15S,200,15,0.5,GA-PSO,17,15000,0.5520617937226262,231.72568703182554,0.69,15050,2.954529285430908,nan,23,9;12;12;13;12;13;14;13;14;11;12;10;11;11;10
E3,200T-15S,200,15,0.5,GA-PSO,16,15000,0.4936349075647632,221.28374960167255,0.745,15050,3.0919880867004395,nan,40,9;13;13;11;13;6;11;9;11;10;13;11;11;9;10
E3,200T-15S,200,15,0.5,GA-PSO,18,15000,0.5011271623354084,215.12726683844312,0.695,15050,3.076828956604004,nan,25,7;10;11;15;12;9;14;10;14;12;14;12;13;9;13
E3,200T-15S,200,15,0.5,GA-PSO,19,15000,0.5665781993291265,255.60136214382916,0.68,15050,3.0543112754821777,nan,27,9;8;11;11;15;13;10;10;12;14;12;11;11;13;13
E3,200T-15S,200,15,0.5,GA-PSO,20,15000,0.4872025071877763,219.69673605136708,0.74,15050,3.0640411376953125,nan,36,7;10;9;13;8;9;10;14;12;15;10;12;9;15;11
E3,200T-15S,200,15,0.5,GA-PSO,21,15000,0.4891523782038451,218.30376641949243,0.765,15050,3.146470546722412,nan,40,12;12;10;10;13;11;11;11;12;9;11;13;10;6;9
E3,200T-15S,200,15,0.5,GA-PSO,23,15000,0.5520709693033695,224.7834919758126,0.675,15050,2.9447243213653564,nan,46,9;10;11;12;13;9;10;10;10;10;7;11;9;11;12
E3,200T-15S,200,15,0.5,GA-PSO,22,15000,0.5734086404767229,257.2282340186864,0.615,15050,3.212974786758423,nan,34,10;14;9;15;10;11;10;14;13;9;8;12;9;13;9
E3,200T-15S,200,15,0.5,GA-PSO,24,15000,0.4939291381095731,214.04115012331442,0.76,15050,3.1667466163635254,nan,35,8;14;13;13;10;10;8;13;10;11;11;10;13;14;7
E3,200T-15S,200,15,0.5,GA-PSO,25,15000,0.5392315872080553,229.93655504478176,0.685,15050,3.075019598007202,nan,31,16;9;10;12;11;9;11;9;12;15;13;11;12;13;6
E3,200T-15S,200,15,0.5,GA-PSO,26,15000,0.5551025676046535,250.80058711870768,0.62,15050,3.0473968982696533,nan,35,10;10;9;12;11;11;10;13;11;13;10;13;12;8;12
E3,200T-15S,200,15,0.5,CEO,3,15000,0.4385058896159124,207.27070675775406,0.775,15030,2.0374090671539307,nan,52,11;9;12;11;8;11;10;8;9;11;12;10;10;7;9
E3,200T-15S,200,15,0.5,CEO,1,15000,0.464300919650314,199.64880580617586,0.74,15030,2.345071792602539,nan,56,8;10;13;12;11;6;8;13;9;9;9;12;6;7;11
E3,200T-15S,200,15,0.5,CEO,2,15000,0.4769909347794681,217.74825303532998,0.705,15030,2.2442893981933594,nan,52,7;10;10;8;11;8;12;10;13;10;8;10;13;8;10
E3,200T-15S,200,15,0.5,CEO,6,15000,0.42620410872238734,197.42772840761006,0.775,15030,2.0228641033172607,nan,60,10;8;6;8;9;8;8;9;10;11;12;7;11;11;12
E3,200T-15S,200,15,0.5,GA-PSO,27,15000,0.5629068564805875,248.44698828218702,0.66,15050,3.1430320739746094,nan,34,11;9;12;14;9;12;9;11;11;10;14;12;13;11;8
E3,200T-15S,200,15,0.5,CEO,4,15000,0.49127299255208706,212.9243595006956,0.725,15030,2.266021966934204,nan,56,7;8;11;13;6;7;11;8;9;13;12;9;10;12;8
E3,200T-15S,200,15,0.5,GA-PSO,28,15000,0.5141760303259933,225.68524939083312,0.705,15050,2.801638603210449,nan,34,12;10;13;13;10;11;11;11;14;10;10;9;10;11;11
E3,200T-15S,200,15,0.5,CEO,5,15000,0.4730987795611074,220.63263704591697,0.695,15030,2.251124858856201,nan,52,9;9;13;7;7;13;6;13;10;9;12;8;11;11;10
E3,200T-15S,200,15,0.5,GA-PSO,29,15000,0.54668252367745,240.93095612994392,0.62,15050,3.036884069442749,nan,30,11;10;10;11;12;10;13;13;15;10;14;11;11;9;10
E3,200T-15S,200,15,0.5,GA-PSO,30,15000,0.5478919022152047,237.0159805013835,0.66,15050,3.0814387798309326,nan,29,9;12;13;9;15;13;12;13;10;13;9;12;13;11;7
E3,200T-15S,200,15,0.5,CEO,7,15000,0.5092829126551942,214.86837326279598,0.715,15030,2.177940845489502,nan,63,8;9;10;8;11;8;9;8;10;7;10;14;7;9;9
E3,200T-15S,200,15,0.5,CEO,8,15000,0.4490935994241543,201.55872994068403,0.77,15030,2.301473617553711,nan,57,10;9;11;11;6;11;11;10;8;10;9;7;9;10;11
E3,200T-15S,200,15,0.5,CEO,10,15000,0.5066146352178242,219.96405220971832,0.68,15030,2.140782356262207,nan,54,12;11;7;8;11;8;9;9;7;10;10;10;10;12;12
E3,200T-15S,200,15,0.5,CEO,9,15000,0.5348764916910571,237.49512018853773,0.66,15030,2.3589067459106445,nan,57,10;6;10;10;9;11;9;12;9;7;8;13;8;12;9
E3,200T-15S,200,15,0.5,CEO,11,15000,0.46512288054821127,206.07623254161382,0.725,15030,2.276951551437378,nan,57,7;10;12;11;9;8;12;11;7;11;8;11;7;10;9
E3,200T-15S,200,15,0.5,CEO,12,15000,0.43935686136803664,191.26254382509336,0.8,15030,2.2269623279571533,nan,63,11;7;8;9;9;9;9;8;9;8;10;8;11;12;9
E3,200T-15S,200,15,0.5,CEO,13,15000,0.4785169616596051,221.06342960261088,0.71,15030,2.2632923126220703,nan,51,9;11;9;9;9;9;10;12;10;10;10;11;11;12;7
E3,200T-15S,200,15,0.5,CEO,14,15000,0.49621052167704605,220.8859185538995,0.705,15030,2.1867752075195312,nan,52,10;10;6;12;9;12;8;11;11;10;9;9;11;8;12
E3,200T-15S,200,15,0.5,CEO,15,15000,0.49545393354944656,223.66710101142417,0.685,15030,2.021536111831665,nan,52,10;11;11;12;11;6;13;8;10;10;10;9;7;12;8
E3,200T-15S,200,15,0.5,CEO,16,15000,0.46849301001768984,210.62138128156252,0.76,15030,2.1397995948791504,nan,58,7;10;10;14;9;8;9;9;8;11;12;7;13;6;9
E3,200T-15S,200,15,0.5,CEO,17,15000,0.48307207555956927,206.05324051386214,0.74,15030,2.282773017883301,nan,59,7;8;8;12;11;10;7;9;11;8;10;9;14;9;8
E3,200T-15S,200,15,0.5,CEO,18,15000,0.46242882026121634,200.50373743565217,0.725,15030,2.205477237701416,nan,46,9;11;10;11;10;7;12;12;8;11;13;10;12;8;10
E3,200T-15S,200,15,0.5,CEO,19,15000,0.5266958890710685,225.81377622932408,0.665,15030,2.3084022998809814,nan,54,11;7;7;10;7;13;9;8;13;11;12;12;8;9;9
E3,200T-15S,200,15,0.5,CEO,22,15000,0.5107298401516801,231.7836779292696,0.665,15030,2.1499598026275635,nan,58,7;14;9;13;10;7;9;8;11;9;8;9;7;10;11
E3,200T-15S,200,15,0.5,CEO,20,15000,0.44319973744611757,197.24577558019303,0.755,15030,2.233008861541748,nan,57,10;10;14;11;8;10;7;7;11;7;8;10;6;13;11
E3,200T-15S,200,15,0.5,CEO,21,15000,0.4741068712733695,205.0608292895164,0.75,15030,2.176849603652954,nan,59,11;11;8;8;12;10;9;9;9;7;12;11;11;5;8
E3,200T-15S,200,15,0.5,CEO,23,15000,0.5075475318513873,214.96092300274182,0.73,15030,2.289505958557129,nan,61,10;12;10;11;10;7;10;11;8;10;9;9;8;7;7
E3,200T-15S,200,15,0.5,CEO,25,15000,0.5093644689182397,216.46369008368475,0.7,15030,2.216107130050659,nan,58,13;12;13;15;6;6;8;6;9;9;10;7;10;12;6
E3,200T-15S,200,15,0.5,CEO,24,15000,0.4408342923403308,193.66626902838868,0.795,15030,2.29646897315979,nan,64,6;10;10;8;11;9;12;7;7;9;11;10;8;9;9
E3,200T-15S,200,15,0.5,CEO,26,15000,0.49355296269154036,232.56281754161517,0.69,15030,2.334470272064209,nan,56,10;9;9;11;11;10;7;9;9;9;11;10;12;6;11
E3,200T-15S,200,15,0.5,CEO,28,15000,0.48324186968635063,211.2617693953705,0.72,15030,2.1922245025634766,nan,49,12;10;12;13;10;13;8;12;8;7;7;10;7;11;11
E3,200T-15S,200,15,0.5,CEO,27,15000,0.5511656384713117,237.8610055588603,0.65,15030,2.242798328399658,nan,55,11;9;9;11;10;11;7;9;8;10;12;13;11;5;9
E3,200T-15S,200,15,0.5,CEO,30,15000,0.5133743100645614,223.2064197215063,0.685,15030,2.051116943359375,nan,57,7;9;11;8;14;8;8;9;8;10;9;14;9;11;8
E3,200T-15S,200,15,0.5,CEO,29,15000,0.4815298516858111,218.87481667563975,0.685,15030,2.244851589202881,nan,50,11;10;8;9;10;10;10;11;11;11;10;10;8;11;10
E3,200T-20S,200,20,0.5,Random,1,15000,0.5632277227897292,243.39757134865448,0.63,15000,2.2515406608581543,nan,15,11;6;11;12;10;8;12;4;10;10;7;10;13;13;9;7;9;6;9;8
E3,200T-20S,200,20,0.5,Random,3,15000,0.5979520265983911,231.74931314267656,0.615,15000,2.13466215133667,nan,14,9;12;6;10;9;12;7;8;7;10;10;11;8;7;11;12;8;8;9;12
E3,200T-20S,200,20,0.5,Random,2,15000,0.6114612851291306,257.52236417720087,0.56,15000,2.266700029373169,nan,12,5;10;13;10;14;8;7;10;11;9;5;10;9;10;9;12;13;6;9;8
E3,200T-20S,200,20,0.5,Random,4,15000,0.6102855667017624,248.98774363683157,0.6,15000,2.1403491497039795,nan,10,5;11;11;14;10;6;10;9;14;12;13;7;6;9;10;13;8;6;8;8
E3,200T-20S,200,20,0.5,Random,5,15000,0.5845076165900789,247.92900316743328,0.595,15000,2.179143190383911,nan,10,8;7;15;7;11;13;13;10;15;9;9;6;7;10;7;11;11;6;7;8
E3,200T-20S,200,20,0.5,Random,6,15000,0.5616427300254523,226.34245868444393,0.655,15000,2.2158825397491455,nan,9,5;7;9;9;10;7;6;11;10;10;8;13;11;9;11;14;10;12;10;9
E3,200T-20S,200,20,0.5,Random,8,15000,0.6105666971999553,250.20825348057394,0.59,15000,2.1374049186706543,nan,12,10;11;11;11;8;8;13;6;5;12;10;6;12;8;11;10;12;8;10;6
E3,200T-20S,200,20,0.5,Random,9,15000,0.583409412237813,253.4175152513341,0.58,15000,2.188171863555908,nan,10,10;8;11;12;13;10;10;9;6;10;9;7;9;9;15;10;6;8;11;7
E3,200T-20S,200,20,0.5,Random,10,15000,0.5777622022811331,234.7865779863995,0.665,15000,2.2473607063293457,nan,10,14;4;12;10;9;12;9;7;8;10;13;13;5;13;9;8;10;5;11;8
E3,200T-20S,200,20,0.5,Random,7,15000,0.6011343556719158,264.3207078204532,0.555,15000,2.290044069290161,nan,10,10;10;8;17;7;8;10;10;5;11;6;11;9;7;10;13;9;8;10;11
E3,200T-20S,200,20,0.5,Random,11,15000,0.5787723508227797,225.7681596536991,0.64,15000,2.16170334815979,nan,12,8;9;13;8;8;9;5;13;9;11;9;11;11;9;11;8;8;8;10;10
E3,200T-20S,200,20,0.5,Random,12,15000,0.6184953963161368,235.56584205507426,0.62,15000,2.202029228210449,nan,14,8;11;14;7;12;11;10;14;10;12;9;6;6;10;7;10;8;6;5;10
E3,200T-20S,200,20,0.5,Random,13,15000,0.5781778116633666,243.19375848192442,0.605,15000,2.1711580753326416,nan,14,11;13;9;10;13;10;5;8;13;7;13;9;11;11;8;5;7;8;8;7
E3,200T-20S,200,20,0.5,Random,16,15000,0.6083659296471615,237.35681792748125,0.575,15000,2.022439956665039,nan,14,11;9;5;12;14;10;7;10;7;11;11;9;5;8;14;5;11;7;11;9
E3,200T-20S,200,20,0.5,Random,14,15000,0.5781438520136419,231.12558686072802,0.635,15000,2.2015371322631836,nan,11,10;9;8;10;7;10;5;12;9;8;8;11;14;5;11;11;10;11;9;11
E3,200T-20S,200,20,0.5,Random,15,15000,0.5606117982277656,234.66339614838677,0.64,15000,2.2079474925994873,nan,12,11;10;9;9;11;7;10;10;10;11;11;9;5;9;5;12;10;9;11;9
E3,200T-20S,200,20,0.5,Random,18,15000,0.529522630080672,218.9694571785823,0.625,15000,2.0974299907684326,nan,15,12;8;4;9;11;8;8;14;8;10;11;9;8;6;8;14;12;9;7;9
E3,200T-20S,200,20,0.5,Random,17,15000,0.6193305655591733,256.6684522926966,0.55,15000,2.259166955947876,nan,16,12;8;10;7;10;10;7;7;11;9;8;10;9;11;9;12;6;8;10;10
E3,200T-20S,200,20,0.5,Random,20,15000,0.5448450847771231,236.90459079290943,0.65,15000,2.0373172760009766,nan,7,7;11;9;9;12;7;11;9;10;10;12;10;8;14;10;10;10;8;7;9
E3,200T-20S,200,20,0.5,Random,21,15000,0.6124569914866413,234.98212682286442,0.59,15000,2.1877543926239014,nan,16,7;9;7;11;8;9;10;11;9;7;14;10;11;9;10;7;7;7;10;11
E3,200T-20S,200,20,0.5,Random,19,15000,0.6031451972640338,248.11681265989654,0.59,15000,2.2612786293029785,nan,10,9;11;5;9;12;8;10;13;10;11;5;11;11;12;5;6;12;8;14;8
E3,200T-20S,200,20,0.5,Random,22,15000,0.5884296307481289,253.14028310512455,0.59,15000,2.1977086067199707,nan,10,10;8;9;8;8;9;10;9;10;8;7;10;10;12;9;12;9;10;10;12
E3,200T-20S,200,20,0.5,Random,28,15000,0.5597192771287067,229.94333045134988,0.59,15000,1.8777668476104736,nan,10,12;9;10;8;9;10;10;9;10;10;10;5;9;9;12;11;8;11;7;11
E3,200T-20S,200,20,0.5,Random,23,15000,0.645216562464405,277.66150983611203,0.53,15000,2.181912422180176,nan,17,6;9;12;6;10;11;7;6;6;12;12;11;7;7;8;10;8;14;9;12
E3,200T-20S,200,20,0.5,Random,25,15000,0.5915489737228574,254.26591464000853,0.595,15000,2.1233747005462646,nan,12,10;7;7;7;9;8;10;10;9;12;13;11;7;14;11;9;7;7;11;9
E3,200T-20S,200,20,0.5,Random,24,15000,0.580087214400123,231.49097932144736,0.595,15000,2.1791224479675293,nan,16,10;5;7;8;14;5;8;7;6;12;10;10;14;12;11;6;12;8;13;6
E3,200T-20S,200,20,0.5,Random,26,15000,0.6259276184246364,248.91624370494753,0.56,15000,2.1327645778656006,nan,11,5;12;10;10;7;7;13;10;10;14;8;6;10;12;8;6;12;9;11;9
E3,200T-20S,200,20,0.5,Random,27,15000,0.6197927445677218,245.52610442171698,0.59,15000,2.2220888137817383,nan,18,11;10;10;9;4;7;9;10;10;7;11;10;13;11;3;10;8;10;9;10
E3,200T-20S,200,20,0.5,Random,29,15000,0.614383959631884,248.00615643552638,0.545,15000,2.2051799297332764,nan,11,10;4;13;9;9;8;10;10;9;8;14;9;12;10;7;10;10;10;7;10
E3,200T-20S,200,20,0.5,Random,30,15000,0.6347237774900449,256.06847370462447,0.575,15000,2.208266258239746,nan,8,9;5;10;6;12;13;10;11;9;11;10;9;8;12;9;6;8;11;9;14
E3,200T-20S,200,20,0.5,GA,2,15000,0.4931445421607284,215.86951634617094,0.67,15000,5.740691423416138,nan,33,5;9;9;9;9;7;10;7;10;8;8;9;8;15;8;8;8;8;9;3
E3,200T-20S,200,20,0.5,GA,6,15000,0.4275676142556424,190.52767397497124,0.8,15000,5.430029392242432,nan,30,11;6;11;9;8;7;7;8;8;10;8;9;9;11;11;6;5;9;8;9
E3,200T-20S,200,20,0.5,GA,1,15000,0.43279356337368646,202.89810334627933,0.765,15000,6.065722942352295,nan,23,9;10;10;9;7;8;7;9;11;8;9;9;8;7;10;9;11;10;8;8
E3,200T-20S,200,20,0.5,GA,3,15000,0.46746801848858377,201.46457738735012,0.77,15000,5.805944204330444,nan,28,7;12;8;8;6;9;6;6;9;10;8;12;9;7;7;11;10;9;7;11
E3,200T-20S,200,20,0.5,GA,4,15000,0.4761407251022537,213.0948391508103,0.75,15000,5.895832300186157,nan,27,11;10;10;11;7;7;7;8;7;11;10;7;8;10;9;10;8;8;6;8
E3,200T-20S,200,20,0.5,GA,5,15000,0.4519759925951273,212.21260619728005,0.75,15000,6.2061851024627686,nan,27,8;5;7;9;6;12;6;8;10;9;9;9;11;11;8;6;10;13;7;9
E3,200T-20S,200,20,0.5,GA,7,15000,0.47539900076674535,227.1576599384478,0.7,15000,6.059392929077148,nan,30,7;9;9;8;9;5;5;10;7;8;11;10;6;8;9;11;7;9;11;11
E3,200T-20S,200,20,0.5,GA,8,15000,0.4689856057060778,212.21672839607248,0.75,15000,5.9343085289001465,nan,30,11;9;10;7;8;11;7;8;9;6;7;10;6;8;11;10;10;7;6;9
E3,200T-20S,200,20,0.5,GA,10,15000,0.45597124071361,197.99387620211417,0.78,15000,5.9507856369018555,nan,28,9;9;8;7;8;11;9;9;6;8;10;10;7;10;8;11;11;6;9;6
E3,200T-20S,200,20,0.5,GA,9,15000,0.4804338356524462,222.55512334262153,0.695,15000,6.051199913024902,nan,23,9;10;11;5;11;8;11;9;7;8;11;9;9;11;9;8;7;9;9;6
E3,200T-20S,200,20,0.5,GA,16,15000,0.4751478019972001,209.94473598784757,0.75,15000,5.761467933654785,nan,29,8;9;11;11;9;6;8;7;8;9;8;9;10;8;8;7;8;7;11;9
E3,200T-20S,200,20,0.5,GA,15,15000,0.4431150098942798,203.83824516390015,0.775,15000,5.9120402336120605,nan,19,9;8;8;11;8;5;7;12;13;9;9;10;8;9;9;12;10;7;8;9
E3,200T-20S,200,20,0.5,GA,12,15000,0.49074493963155813,202.44308347907725,0.755,15000,6.099638223648071,nan,26,10;10;8;6;9;7;10;10;6;11;10;8;7;10;10;6;9;8;10;9
E3,200T-20S,200,20,0.5,GA,14,15000,0.4477853516386322,198.78648738582254,0.785,15000,6.075676679611206,nan,26,10;9;8;9;10;11;7;9;13;6;7;9;7;7;10;12;7;10;6;7
E3,200T-20S,200,20,0.5,GA,11,15000,0.45359241004248957,191.69680428013453,0.77,15000,6.202387094497681,nan,25,7;8;10;10;8;7;9;9;5;10;10;11;8;10;10;7;10;9;9;8
E3,200T-20S,200,20,0.5,GA,13,15000,0.4540952132655125,210.24052193308404,0.75,15000,6.191384553909302,nan,30,7;10;7;7;10;11;11;12;11;3;8;8;10;7;8;8;8;11;5;8
E3,200T-20S,200,20,0.5,GA,18,15000,0.4128076702306864,193.86328666113474,0.78,15000,5.792469263076782,nan,25,6;11;8;8;8;7;10;12;8;5;9;9;13;7;10;8;6;11;8;11
E3,200T-20S,200,20,0.5,GA,17,15000,0.4745756206547038,217.77415759424505,0.72,15000,5.929758787155151,nan,27,7;10;10;14;8;9;6;8;9;9;9;5;9;6;4;10;11;10;10;9
E3,200T-20S,200,20,0.5,PSO,1,15000,0.48656701001577635,214.9792149179674,0.695,15000,2.785919666290283,nan,51,9;4;8;7;9;8;5;4;9;8;3;7;4;6;7;6;10;8;9;18
E3,200T-20S,200,20,0.5,PSO,3,15000,0.49052124751657317,203.20974989527963,0.73,15000,2.9107468128204346,nan,56,7;7;7;6;3;8;7;5;4;7;6;8;8;5;7;8;10;7;8;16
E3,200T-20S,200,20,0.5,PSO,2,15000,0.5109400766945542,227.57628863512446,0.67,15000,2.937680244445801,nan,53,5;11;3;8;7;7;5;6;7;6;7;9;11;8;6;6;5;6;7;17
E3,200T-20S,200,20,0.5,PSO,4,15000,0.5165285898977927,217.8817042441692,0.685,15000,2.9149796962738037,nan,55,5;9;7;6;5;4;6;5;6;9;9;6;5;10;8;4;5;7;10;19
E3,200T-20S,200,20,0.5,PSO,5,15000,0.5162518378431372,226.34547520565053,0.665,15000,2.8033270835876465,nan,37,5;6;12;9;10;8;2;6;8;6;8;6;10;6;8;7;8;9;16;13
E3,200T-20S,200,20,0.5,PSO,6,15000,0.512267741804088,222.34366436712907,0.74,15000,2.7700793743133545,nan,35,12;11;4;8;7;3;3;10;9;10;5;6;8;6;9;7;9;11;8;19
E3,200T-20S,200,20,0.5,GA,22,15000,0.4423943208613474,207.89326420993194,0.745,15000,5.514310836791992,nan,31,9;10;6;13;13;9;3;7;12;7;8;7;10;7;6;12;10;8;7;5
E3,200T-20S,200,20,0.5,GA,21,15000,0.47996658854077756,201.8271744269489,0.74,15000,5.873608112335205,nan,29,9;12;8;6;10;9;7;8;7;6;9;10;9;9;7;7;11;10;9;8
E3,200T-20S,200,20,0.5,GA,19,15000,0.4801370434999028,211.96719106670514,0.72,15000,6.0539515018463135,nan,27,6;10;3;10;9;11;9;5;9;8;11;13;8;7;7;8;8;10;9;12
E3,200T-20S,200,20,0.5,GA,20,15000,0.4331312249315083,206.98198723106475,0.78,15000,6.000070810317993,nan,20,8;11;9;9;9;8;10;7;8;11;7;8;11;10;9;7;8;10;11;9
E3,200T-20S,200,20,0.5,GA,23,15000,0.5173414993989363,238.4878662950553,0.67,15000,6.048685073852539,nan,31,9;10;8;10;9;7;8;11;7;8;8;10;7;7;11;7;9;8;7;8
E3,200T-20S,200,20,0.5,GA,24,15000,0.45328366952412025,199.7312881075371,0.745,15000,5.831058502197266,nan,23,9;10;11;8;5;4;12;8;11;9;8;12;10;13;7;11;2;8;11;8
E3,200T-20S,200,20,0.5,GA,25,15000,0.4524834465529108,214.02929628739966,0.75,15000,6.040476322174072,nan,32,11;7;10;9;9;7;10;6;6;9;7;8;10;8;8;7;9;10;11;6
E3,200T-20S,200,20,0.5,GA,26,15000,0.49785597522161734,213.3065077920088,0.7,15000,6.066842079162598,nan,29,10;8;8;8;7;7;7;9;10;7;8;6;8;5;11;8;16;7;11;10
E3,200T-20S,200,20,0.5,PSO,7,15000,0.5425006299186438,246.07702553010154,0.62,15000,2.8309082984924316,nan,45,9;5;9;7;7;6;7;7;4;7;8;6;6;6;7;8;7;7;11;21
E3,200T-20S,200,20,0.5,GA,27,15000,0.4806015559843689,203.09031333145236,0.725,15000,6.098645210266113,nan,32,7;8;9;9;8;9;8;6;10;5;9;9;8;10;9;10;6;10;7;11
E3,200T-20S,200,20,0.5,GA,28,15000,0.44015438393719974,202.6751714896202,0.745,15000,6.109333515167236,nan,22,11;7;10;11;8;8;6;10;6;10;8;7;8;8;10;11;8;8;11;12
E3,200T-20S,200,20,0.5,GA,30,15000,0.503397202667625,221.9077731170635,0.725,15000,5.804835796356201,nan,23,8;8;12;7;11;9;10;7;7;10;7;10;7;10;6;8;8;11;9;12
E3,200T-20S,200,20,0.5,GA,29,15000,0.471618108200796,210.97622425565237,0.715,15000,5.832751035690308,nan,25,11;9;12;12;8;8;9;7;9;6;9;11;9;10;7;7;8;6;10;7
E3,200T-20S,200,20,0.5,PSO,10,15000,0.4959365933596271,207.98902164394087,0.735,15000,2.7303388118743896,nan,47,9;9;4;5;10;7;5;4;4;9;6;6;7;6;9;11;7;10;9;16
E3,200T-20S,200,20,0.5,PSO,9,15000,0.524709423478287,240.72660674351937,0.66,15000,2.9287045001983643,nan,43,8;6;9;7;8;7;6;8;5;2;6;10;7;8;7;10;6;6;13;18
E3,200T-20S,200,20,0.5,PSO,8,15000,0.4905471103870392,217.80708696294363,0.725,15000,3.053280830383301,nan,70,6;6;7;6;6;6;5;5;5;3;5;6;5;6;5;6;9;7;11;15
E3,200T-20S,200,20,0.5,PSO,11,15000,0.5242978826482421,213.32713853250573,0.705,15000,2.989988327026367,nan,35,7;6;10;8;6;6;6;9;7;11;9;7;4;5;7;8;7;10;12;20
E3,200T-20S,200,20,0.5,PSO,12,15000,0.49406477613294764,202.8937895484018,0.75,15000,2.961698293685913,nan,76,7;5;7;4;6;6;6;7;6;7;9;6;4;4;7;2;7;7;4;13
E3,200T-20S,200,20,0.5,PSO,13,15000,0.4948621906525828,218.71605162145335,0.695,15000,2.9497313499450684,nan,48,6;7;6;5;6;8;11;7;7;7;7;8;9;7;6;6;6;8;9;16
E3,200T-20S,200,20,0.5,PSO,16,15000,0.4668094635933042,206.44413307724173,0.755,15000,2.9045088291168213,nan,79,6;6;5;6;6;2;5;2;4;6;6;3;9;3;5;5;8;9;8;17
E3,200T-20S,200,20,0.5,PSO,15,15000,0.5053970764341444,223.74151512086442,0.715,15000,2.993617057800293,nan,26,12;10;10;6;8;7;8;10;9;7;6;8;3;8;5;9;11;8;9;20
E3,200T-20S,200,20,0.5,PSO,14,15000,0.49165966488335905,206.8915262349198,0.725,15000,3.0612125396728516,nan,65,8;7;6;7;4;4;3;7;9;5;6;7;5;5;5;4;7;7;8;21
E3,200T-20S,200,20,0.5,PSO,17,15000,0.5211925622494262,230.21731123294256,0.665,15000,2.961876630783081,nan,59,9;8;4;6;6;9;6;7;6;6;7;5;7;5;4;8;5;8;9;16
E3,200T-20S,200,20,0.5,PSO,18,15000,0.47296236087416216,209.96780276990177,0.71,15000,2.9391698837280273,nan,44,6;9;8;5;5;3;5;9;7;10;9;8;7;6;7;7;9;8;11;17
E3,200T-20S,200,20,0.5,PSO,20,15000,0.47928505637272983,220.53209236306824,0.73,15000,2.8095779418945312,nan,42,7;6;7;5;9;7;7;6;10;6;8;6;8;8;5;5;8;9;11;20
E3,200T-20S,200,20,0.5,PSO,19,15000,0.5225071157923635,227.46576573300817,0.685,15000,2.9372410774230957,nan,56,6;8;6;6;6;4;5;4;9;8;6;7;4;6;9;4;9;6;11;20
E3,200T-20S,200,20,0.5,PSO,21,15000,0.5317231004874072,211.49072394903595,0.67,15000,2.9183037281036377,nan,53,10;7;5;8;7;3;3;4;4;6;4;10;8;6;6;8;9;7;14;18
E3,200T-20S,200,20,0.5,PSO,22,15000,0.5115709651997988,227.15568791329142,0.665,15000,2.8601443767547607,nan,52,11;8;3;6;7;4;7;5;5;4;5;7;8;8;5;6;11;8;15;15
E3,200T-20S,200,20,0.5,PSO,26,15000,0.5449209192463904,228.369817889506,0.655,15000,2.7863214015960693,nan,71,5;8;8;4;5;4;1;6;4;5;3;2;7;7;5;6;7;6;12;24
E3,200T-20S,200,20,0.5,PSO,25,15000,0.47386548650804433,221.46811503550606,0.73,15000,2.875166416168213,nan,69,11;10;4;5;5;4;5;3;5;6;3;5;9;6;4;5;8;5;9;19
E3,200T-20S,200,20,0.5,PSO,23,15000,0.5680141758588957,254.17265555408085,0.615,15000,2.987868070602417,nan,57,7;10;6;5;7;4;4;6;5;7;5;8;7;5;8;5;8;7;10;19
E3,200T-20S,200,20,0.5,PSO,24,15000,0.49967860511401796,212.84808444846502,0.695,15000,3.051717758178711,nan,62,8;5;8;7;5;2;7;5;8;6;8;6;5;5;6;7;4;8;10;18
E3,200T-20S,200,20,0.5,PSO,30,15000,0.5379429032010398,227.69700881706044,0.675,15000,2.6769649982452393,nan,52,7;6;5;5;6;4;5;7;5;10;6;8;6;8;3;6;8;11;13;19
E3,200T-20S,200,20,0.5,PSO,27,15000,0.5064647646480438,211.0003276909995,0.7,15000,2.955781936645508,nan,70,6;5;5;3;6;6;3;6;6;4;10;4;4;6;5;7;5;9;8;22
E3,200T-20S,200,20,0.5,PSO,28,15000,0.49745354214965326,221.99218673469812,0.69,15000,2.9205312728881836,nan,52,7;8;7;5;4;6;6;5;2;6;5;4;8;8;10;7;4;7;11;28
E3,200T-20S,200,20,0.5,PSO,29,15000,0.5539481217024855,233.30348172419798,0.62,15000,2.939303398132324,nan,49,7;6;8;4;9;6;6;7;4;5;6;7;4;6;8;9;4;13;14;18
E3,200T-20S,200,20,0.5,CSA,1,15000,0.5055879337038964,220.7843708722036,0.675,15000,2.549978733062744,nan,24,6;9;8;10;8;9;8;7;7;8;5;10;8;10;6;8;13;12;10;14
E3,200T-20S,200,20,0.5,CSA,3,15000,0.5657064951604224,229.036850066655,0.67,15000,2.5847301483154297,nan,21,9;9;10;10;9;9;9;7;11;8;9;7;7;4;8;7;9;10;12;15
E3,200T-20S,200,20,0.5,CSA,2,15000,0.5670697410576098,248.0549031682894,0.62,15000,2.758622407913208,nan,19,10;10;7;8;7;11;9;5;9;6;11;11;10;10;9;9;10;8;8;13
E3,200T-20S,200,20,0.5,CSA,4,15000,0.5525386156480362,230.6319429312334,0.655,15000,2.6783106327056885,nan,19,9;12;9;10;13;8;8;5;7;9;9;8;10;9;8;7;8;10;12;10
E3,200T-20S,200,20,0.5,CSA,5,15000,0.5386191676011789,237.6171477262847,0.655,15000,2.5984394550323486,nan,21,6;9;13;5;9;7;8;11;8;7;9;9;5;10;9;8;10;12;13;11
E3,200T-20S,200,20,0.5,CSA,6,15000,0.5180910968607718,218.46023518901129,0.715,15000,2.572953701019287,nan,14,10;9;5;9;12;8;9;7;15;11;11;8;11;12;8;7;5;10;11;8
E3,200T-20S,200,20,0.5,CSA,7,15000,0.5586899501379816,260.8690697139173,0.63,15000,2.6817054748535156,nan,34,4;8;10;7;9;7;6;7;12;8;10;10;5;5;7;8;9;11;6;17
E3,200T-20S,200,20,0.5,CSA,11,15000,0.5321846899007903,213.54613255595874,0.69,15000,2.476191759109497,nan,16,12;10;10;9;8;7;11;11;8;10;8;10;8;10;8;7;9;6;9;13
E3,200T-20S,200,20,0.5,CSA,8,15000,0.552815100281238,236.17199910311055,0.66,15000,2.658132553100586,nan,13,9;7;11;9;10;12;16;8;9;6;9;10;8;6;12;8;10;9;6;12
E3,200T-20S,200,20,0.5,CSA,10,15000,0.542964721427738,229.17963445207994,0.715,15000,2.4847805500030518,nan,26,9;5;8;9;9;8;7;9;6;12;6;11;5;10;10;8;8;8;13;13
E3,200T-20S,200,20,0.5,CSA,9,15000,0.5558827999867748,243.21957536416775,0.605,15000,2.5434608459472656,nan,17,9;8;9;8;9;9;9;6;8;13;11;12;10;9;8;8;7;10;11;9
E3,200T-20S,200,20,0.5,CSA,12,15000,0.5890582318380156,227.6289941066144,0.65,15000,2.5549144744873047,nan,21,9;5;8;7;7;7;10;15;10;10;8;8;10;9;11;8;6;7;12;12
E3,200T-20S,200,20,0.5,CSA,13,15000,0.5340859397376101,232.59413966977357,0.66,15000,2.533128261566162,nan,14,8;11;8;11;9;11;9;13;12;6;9;9;11;6;7;11;6;9;5;15
E3,200T-20S,200,20,0.5,CSA,14,15000,0.5187913280787513,219.82030957934705,0.715,15000,2.5370655059814453,nan,16,9;10;9;10;5;11;10;11;13;11;6;9;7;7;8;11;7;11;9;10
E3,200T-20S,200,20,0.5,CSA,15,15000,0.5103284116916034,223.6991803804402,0.705,15000,2.6388790607452393,nan,29,16;9;7;7;10;4;10;9;7;6;10;5;9;8;5;7;9;7;10;16
E3,200T-20S,200,20,0.5,CSA,16,15000,0.5565477854454765,230.27078982695662,0.655,15000,2.730665445327759,nan,23,8;7;8;5;7;9;7;9;8;10;11;7;11;7;9;9;11;11;8;15
E3,200T-20S,200,20,0.5,CSA,17,15000,0.5402397359292082,239.36056981439106,0.655,15000,2.7100350856781006,nan,27,8;7;12;8;8;9;5;5;13;8;9;7;10;6;10;10;7;7;10;14
E3,200T-20S,200,20,0.5,CSA,18,15000,0.4930943151160047,218.0550225038373,0.695,15000,2.629742383956909,nan,16,9;9;7;9;10;6;11;10;9;13;11;11;8;8;10;8;8;8;9;10
E3,200T-20S,200,20,0.5,CSA,19,15000,0.5600336893789242,235.27209752654707,0.635,15000,2.506457805633545,nan,17,7;9;10;11;11;12;11;7;10;9;9;11;11;9;7;6;6;12;6;9
E3,200T-20S,200,20,0.5,CSA,20,15000,0.5129938688346876,229.31328411126722,0.69,15000,2.5166015625,nan,17,9;6;9;9;10;10;8;9;7;6;11;8;9;11;12;8;8;9;10;14
E3,200T-20S,200,20,0.5,CSA,21,15000,0.5824969110130817,226.35458673748704,0.62,15000,2.5165657997131348,nan,9,10;9;6;8;10;7;10;9;10;8;9;11;12;12;10;9;9;10;13;9
E3,200T-20S,200,20,0.5,CSA,22,15000,0.5478174976781063,236.2311501212667,0.62,15000,2.741297960281372,nan,15,7;9;8;11;10;7;7;9;9;11;9;9;8;9;9;10;11;10;10;12
E3,200T-20S,200,20,0.5,CSA,23,15000,0.6194431230464437,273.7536668760229,0.57,15000,2.6261911392211914,nan,15,7;10;8;11;10;4;12;10;10;10;9;8;9;10;9;11;11;8;10;8
E3,200T-20S,200,20,0.5,CSA,24,15000,0.5367782099689264,221.7988028432556,0.65,15000,2.6402363777160645,nan,17,10;9;11;7;9;11;9;9;8;6;10;6;8;11;9;12;6;11;11;10
E3,200T-20S,200,20,0.5,CSA,26,15000,0.5791566890488682,241.69826840062257,0.63,15000,2.474238395690918,nan,27,7;8;13;11;10;9;9;7;7;8;5;7;9;8;11;5;7;6;7;19
E3,200T-20S,200,20,0.5,CSA,30,15000,0.5874205719626776,241.02593152442998,0.62,15000,2.3427889347076416,nan,23,8;11;10;5;10;10;9;10;7;11;9;10;8;11;9;7;6;7;8;11
E3,200T-20S,200,20,0.5,CSA,25,15000,0.532963837585336,238.85166960414335,0.665,15000,2.59621262550354,nan,14,8;10;11;10;7;7;8;11;8;10;7;10;11;10;8;10;9;8;13;10
E3,200T-20S,200,20,0.5,CSA,28,15000,0.5112467140309327,224.45107361114867,0.67,15000,2.5851941108703613,nan,23,6;8;7;6;8;8;8;9;9;8;10;8;9;9;9;9;8;10;10;18
E3,200T-20S,200,20,0.5,CSA,29,15000,0.5624963478446887,238.78319381121935,0.62,15000,2.654047966003418,nan,12,5;6;6;10;11;11;10;15;11;8;13;11;7;12;11;12;8;7;9;5
E3,200T-20S,200,20,0.5,CSA,27,15000,0.5714599944570741,236.15430728239843,0.655,15000,2.7093663215637207,nan,30,6;7;6;11;9;12;5;9;10;9;11;7;8;6;8;7;6;8;7;18
E3,200T-20S,200,20,0.5,GA-PSO,1,15000,0.44813222806029585,209.55125361550955,0.755,15050,3.1951661109924316,nan,10,9;6;12;13;9;8;11;9;12;9;10;12;8;8;11;7;10;10;7;9
E3,200T-20S,200,20,0.5,GA-PSO,2,15000,0.49450838362995836,221.7005844429689,0.685,15050,3.2004928588867188,nan,17,7;9;8;12;8;7;11;10;14;10;11;8;11;10;8;9;5;7;11;7
E3,200T-20S,200,20,0.5,GA-PSO,5,15000,0.4511245517046458,211.66000755247455,0.75,15050,2.9450178146362305,nan,15,9;9;8;8;7;11;10;11;7;10;12;7;12;10;11;9;10;8;9;7
E3,200T-20S,200,20,0.5,GA-PSO,3,15000,0.4856797630002293,210.44513676300653,0.765,15050,3.1718590259552,nan,9,6;9;9;11;9;11;7;8;8;12;10;9;13;10;10;10;10;11;9;9
E3,200T-20S,200,20,0.5,GA-PSO,4,15000,0.5009850853205002,220.58619309262633,0.725,15050,3.1325011253356934,nan,13,8;12;12;11;8;9;10;9;9;12;11;10;9;10;6;7;8;6;9;11
E3,200T-20S,200,20,0.5,GA-PSO,6,15000,0.4400471376532217,196.33220194895983,0.795,15050,3.0871126651763916,nan,11,7;9;9;9;11;9;8;10;9;12;9;13;11;9;9;12;10;10;8;5
E3,200T-20S,200,20,0.5,GA-PSO,7,15000,0.48140136488305874,234.83829595934338,0.71,15050,3.1899454593658447,nan,15,7;8;9;9;10;10;9;13;7;7;11;12;8;8;9;12;8;8;9;11
E3,200T-20S,200,20,0.5,GA-PSO,9,15000,0.4795795950532606,227.06532522590987,0.71,15050,2.86552357673645,nan,13,9;8;11;11;9;11;12;10;7;10;10;11;8;8;9;13;6;10;8;6
E3,200T-20S,200,20,0.5,GA-PSO,8,15000,0.47866309884698655,216.6447744746936,0.745,15050,3.150559425354004,nan,25,8;11;12;9;7;9;7;10;9;8;8;7;7;9;9;7;9;9;10;10
E3,200T-20S,200,20,0.5,GA-PSO,11,15000,0.4782919559923002,197.18827989033406,0.74,15050,2.965073347091675,nan,14,7;7;11;10;13;9;8;12;10;9;10;10;8;11;14;7;7;9;10;4
E3,200T-20S,200,20,0.5,GA-PSO,10,15000,0.4498018613514306,203.04750090729536,0.81,15050,3.102155923843384,nan,13,12;8;10;8;7;10;6;8;12;9;10;10;11;12;11;7;12;9;8;7
E3,200T-20S,200,20,0.5,GA-PSO,12,15000,0.4853652029381568,203.60870069571803,0.77,15050,3.09645938873291,nan,27,11;8;12;6;11;5;11;7;12;8;12;8;10;10;8;5;6;6;11;6
E3,200T-20S,200,20,0.5,GA-PSO,14,15000,0.4605530763555641,204.78464428589098,0.78,15050,3.0772147178649902,nan,18,10;11;7;9;6;10;10;10;10;12;10;9;12;9;9;11;5;9;7;6
E3,200T-20S,200,20,0.5,GA-PSO,15,15000,0.43591505625020294,205.56459308667428,0.795,15050,3.0147111415863037,nan,18,11;8;13;10;6;7;10;10;9;9;11;10;7;9;8;12;9;10;7;6
E3,200T-20S,200,20,0.5,GA-PSO,16,15000,0.46761416666303673,212.9225131226496,0.775,15050,3.032235622406006,nan,17,8;11;8;12;13;9;7;10;8;7;12;7;9;9;9;10;9;9;9;7
E3,200T-20S,200,20,0.5,GA-PSO,13,15000,0.4758252897438446,217.7342116061996,0.73,15050,3.1678361892700195,nan,12,11;12;6;8;8;10;9;11;13;11;8;9;9;11;9;9;8;10;9;7
E3,200T-20S,200,20,0.5,GA-PSO,18,15000,0.4124242643677411,196.81891890092618,0.79,15050,3.0945162773132324,nan,9,6;11;9;10;11;10;9;9;9;14;9;10;9;9;10;13;8;10;8;7
E3,200T-20S,200,20,0.5,GA-PSO,17,15000,0.48653012309928606,228.80978678944285,0.73,15050,3.1671485900878906,nan,19,12;12;12;9;10;10;5;6;13;11;7;9;8;8;10;10;6;7;8;8
E3,200T-20S,200,20,0.5,GA-PSO,19,15000,0.47900505423997136,215.93561901376387,0.735,15050,3.036717653274536,nan,16,10;7;9;11;7;10;11;9;8;13;10;8;5;10;9;9;10;10;8;10
E3,200T-20S,200,20,0.5,GA-PSO,21,15000,0.48327427179656623,205.17648930403453,0.745,15050,3.019390821456909,nan,26,7;7;8;9;10;13;7;11;9;8;10;9;11;6;10;10;7;9;6;7
E3,200T-20S,200,20,0.5,GA-PSO,23,15000,0.5301604206779763,247.16455408022335,0.67,15050,2.970125913619995,nan,13,10;12;9;12;7;8;8;9;9;11;11;8;9;9;10;9;8;11;10;7
E3,200T-20S,200,20,0.5,GA-PSO,20,15000,0.4281379641407942,208.58768121225768,0.795,15050,3.2757749557495117,nan,8,6;9;12;11;9;11;7;10;8;10;10;14;10;11;12;10;7;9;9;7
E3,200T-20S,200,20,0.5,GA-PSO,24,15000,0.43702732305680414,195.89565036489216,0.765,15050,3.0365095138549805,nan,18,9;12;12;8;8;7;10;8;9;8;10;12;13;8;7;10;7;7;9;8
E3,200T-20S,200,20,0.5,GA-PSO,22,15000,0.47443772084928043,219.1453186993079,0.715,15050,3.245448350906372,nan,11,7;13;9;12;8;7;8;10;11;9;9;8;11;11;9;9;13;7;11;7
E3,200T-20S,200,20,0.5,GA-PSO,25,15000,0.4759966073570631,229.39650129692706,0.75,15050,3.151170015335083,nan,10,12;10;9;7;10;7;10;7;12;9;11;9;8;10;10;10;13;11;8;7
E3,200T-20S,200,20,0.5,GA-PSO,26,15000,0.5029479234109268,217.96191713079546,0.705,15050,3.0950329303741455,nan,22,10;9;6;11;7;9;9;10;9;6;9;10;11;8;8;8;13;6;7;12
E3,200T-20S,200,20,0.5,GA-PSO,27,15000,0.46341323497881387,200.31517994773793,0.75,15050,2.962009906768799,nan,32,7;8;6;11;8;8;7;11;8;8;12;9;9;6;5;8;9;9;9;10
E3,200T-20S,200,20,0.5,CEO,3,15000,0.4499584754862924,195.7432970299311,0.785,15285,2.0434494018554688,nan,38,6;6;11;8;5;10;8;7;6;9;9;9;10;8;7;10;10;7;7;9
E3,200T-20S,200,20,0.5,CEO,1,15000,0.4142894572111079,195.81672735649394,0.78,15285,2.2600882053375244,nan,30,10;8;9;12;8;7;7;8;7;10;7;10;8;12;6;8;10;8;6;9
E3,200T-20S,200,20,0.5,CEO,5,15000,0.4279042920132293,201.4573096334737,0.765,15285,2.058863878250122,nan,36,6;8;9;7;8;11;7;8;10;9;9;7;6;9;6;7;9;8;10;10
E3,200T-20S,200,20,0.5,CEO,4,15000,0.47453808477597553,207.57076991728272,0.735,15285,2.2309367656707764,nan,33,6;11;8;8;7;8;7;8;8;12;12;8;7;10;7;8;8;8;8;8
E3,200T-20S,200,20,0.5,GA-PSO,28,15000,0.4588739892854204,209.9481718210444,0.73,15050,3.178478717803955,nan,15,9;10;11;9;10;11;8;9;7;9;9;10;6;11;11;11;10;6;8;10
E3,200T-20S,200,20,0.5,CEO,2,15000,0.4671717216466463,213.58492529432652,0.715,15285,2.333822250366211,nan,30,6;12;10;9;8;7;8;7;10;9;7;9;8;9;7;9;8;9;9;9
E3,200T-20S,200,20,0.5,GA-PSO,29,15000,0.48721324437663754,216.16548981916367,0.7,15050,3.109879970550537,nan,14,7;11;7;12;8;10;10;7;9;11;9;10;7;8;11;11;11;11;10;6
E3,200T-20S,200,20,0.5,CEO,6,15000,0.40784086347617304,186.32427914444764,0.825,15285,2.3280839920043945,nan,35,9;8;9;4;9;8;9;6;8;10;10;9;9;11;9;9;11;6;4;7
E3,200T-20S,200,20,0.5,GA-PSO,30,15000,0.5040142077106045,220.76578237579326,0.72,15050,3.0952956676483154,nan,17,9;11;11;8;12;10;10;8;11;8;10;13;9;11;6;5;10;8;6;7
E3,200T-20S,200,20,0.5,CEO,7,15000,0.47338883358867756,227.4996071396653,0.705,15285,2.219362497329712,nan,29,7;3;11;9;10;8;8;7;7;8;9;15;4;7;10;11;8;7;12;10
E3,200T-20S,200,20,0.5,CEO,8,15000,0.4507127026595402,205.57054843406053,0.765,15285,2.230642080307007,nan,36,10;10;11;9;6;11;9;12;6;6;8;8;6;7;11;5;8;8;5;8
E3,200T-20S,200,20,0.5,CEO,9,15000,0.4514969343995435,218.18666484112583,0.74,15285,2.216731071472168,nan,30,10;6;9;11;8;7;13;9;5;5;10;10;10;9;11;9;6;8;7;7
E3,200T-20S,200,20,0.5,CEO,10,15000,0.43943973672733583,192.82528912970633,0.795,15285,2.1277241706848145,nan,35,10;8;7;7;9;8;10;8;9;9;8;8;7;9;9;7;10;7;8;7
E3,200T-20S,200,20,0.5,CEO,11,15000,0.42444553488962,179.44125257141366,0.785,15285,2.2212421894073486,nan,43,9;8;8;9;7;6;9;12;7;10;7;7;5;10;7;6;7;8;9;6
E3,200T-20S,200,20,0.5,CEO,12,15000,0.4814078064676138,200.05873948226156,0.765,15285,2.301636219024658,nan,37,10;8;10;8;7;7;8;8;11;9;8;10;7;9;13;6;6;7;6;5
E3,200T-20S,200,20,0.5,CEO,15,15000,0.4295905024647918,200.12387955540464,0.79,15285,2.0456812381744385,nan,35,10;9;11;7;7;6;13;10;5;6;10;8;6;6;7;11;10;8;8;7
E3,200T-20S,200,20,0.5,CEO,13,15000,0.4563483292214482,211.6799116764089,0.75,15285,2.301194429397583,nan,33,10;8;8;8;5;10;7;11;8;7;6;9;9;7;8;8;7;10;8;13
E3,200T-20S,200,20,0.5,CEO,14,15000,0.42768012060937993,192.88325537523482,0.805,15285,2.2207391262054443,nan,35,6;7;6;9;5;10;6;9;12;8;6;10;7;9;11;11;7;9;8;9
E3,200T-20S,200,20,0.5,CEO,16,15000,0.4505945547559308,198.22082595226146,0.76,15285,2.177647829055786,nan,40,7;10;9;9;10;4;7;6;6;11;10;6;8;8;7;9;7;11;9;6
E3,200T-20S,200,20,0.5,CEO,18,15000,0.4071241328510513,191.82512488288634,0.785,15285,2.0609030723571777,nan,27,6;8;6;9;8;8;9;12;8;8;9;9;9;8;10;11;8;11;7;9
E3,200T-20S,200,20,0.5,CEO,17,15000,0.46236405577967044,213.0801740262748,0.73,15285,2.1683473587036133,nan,34,6;11;6;6;10;11;8;6;8;9;7;7;13;9;7;9;8;7;10;8
E3,200T-20S,200,20,0.5,CEO,21,15000,0.4512679254336743,195.36885924409077,0.775,15285,2.1795520782470703,nan,39,10;14;6;6;7;6;6;7;7;7;12;12;8;8;5;9;4;8;9;10
E3,200T-20S,200,20,0.5,CEO,20,15000,0.40688516627182697,198.17693739851237,0.805,15285,2.2047245502471924,nan,33,8;11;10;11;9;8;7;8;6;10;6;8;10;9;9;10;6;8;8;5
E3,200T-20S,200,20,0.5,CEO,19,15000,0.4747245349666339,211.710123285471,0.73,15285,2.2963223457336426,nan,32,9;8;7;11;7;11;6;8;10;8;9;9;7;7;8;8;6;12;9;8
E3,200T-20S,200,20,0.5,CEO,22,15000,0.4571675751449998,209.394066930397,0.72,15285,2.3118433952331543,nan,27,10;8;8;10;11;8;7;8;10;6;7;9;8;12;10;9;9;7;7;9
E3,200T-20S,200,20,0.5,CEO,23,15000,0.504894782351631,230.0631107778825,0.67,15285,2.166023015975952,nan,40,10;10;8;8;8;6;4;9;9;10;7;7;8;7;9;9;7;10;9;5
E3,200T-20S,200,20,0.5,CEO,24,15000,0.4257597978444432,188.98776167993648,0.765,15285,2.1526594161987305,nan,33,7;8;11;9;6;7;8;8;11;9;9;9;10;10;7;9;7;9;9;4
E3,200T-20S,200,20,0.5,CEO,26,15000,0.48674201234425724,211.09041304139103,0.715,15285,1.7347970008850098,nan,33,7;6;12;7;8;8;7;5;9;8;7;10;9;10;12;7;9;8;10;8
E3,200T-20S,200,20,0.5,CEO,28,15000,0.444729855222844,200.77937411987205,0.73,15285,1.6616268157958984,nan,30,12;9;11;11;8;9;6;8;7;6;7;8;6;9;9;11;7;10;7;9
E3,200T-20S,200,20,0.5,CEO,27,15000,0.45633660716739693,199.0859724855815,0.76,15285,1.6793315410614014,nan,46,9;6;9;10;8;9;7;8;5;6;12;6;5;4;7;10;5;10;9;9
E3,200T-20S,200,20,0.5,CEO,25,15000,0.4499866644196781,214.03139934869023,0.755,15285,2.0964767932891846,nan,36,10;10;7;11;7;7;10;7;9;8;7;8;8;7;9;8;6;7;6;12
E3,200T-20S,200,20,0.5,CEO,29,15000,0.4758264398374549,213.67391209778168,0.715,15285,1.76820707321167,nan,31,10;8;7;8;7;6;13;7;10;7;11;7;8;9;10;8;7;8;8;10
E3,200T-20S,200,20,0.5,CEO,30,15000,0.4853641420961746,210.97115954166335,0.725,15285,1.817960262298584,nan,34,7;8;8;8;10;7;6;9;10;10;8;13;10;9;6;6;4;10;8;9
